run,job_id,account,network,dataset,batch_size,granularity,base,meta,meta_stepsize,alpha0,gamma,augment,beta_clip,hier,lam,eta_ratio,seed,epochs_done,epochs_requested,best_test,final_test,final_train,collapsed,node,wallclock_min,provenance,dup_group,superseded,ep_to_85,ep_to_88,ep_to_90,plateau,ep_in_band_90
r10-r005-s0,4683322,s5014158,ResNet10,CIFAR10,100,layerwise,SGDm,Lion,1e-3,1e-6,1,1,-15:-2.3026,additive,na,0.05,0,100,100,90.77,90.67,95.03,0,node880,21,env,,0,38,41,56,90.324,54
r10c-r1-s0,4684279,s5014158,ResNet10,CIFAR10,100,layerwise,SGDm,Lion,1e-3,1e-3,1,1,-15:-2.3026,additive,na,1,0,100,100,91.87,91.6,99.82,0,node858,61,env,,0,17,25,37,91.436,37
r10b-r015-s0,4683619,s5014158,ResNet10,CIFAR10,100,layerwise,SGDm,Lion,1e-3,1e-6,1,1,-15:-2.3026,additive,na,0.15,0,100,100,91.69,91.66,99.23,0,node858,62,env,,0,34,37,41,91.393,26
r10c-r005-s0,4684267,s5014158,ResNet10,CIFAR10,100,layerwise,SGDm,Lion,1e-3,1e-3,1,1,-15:-2.3026,additive,na,0.05,0,100,100,89.26,89.26,92.06,0,node881,21,env,,0,25,51,,88.681,3
sa3-ResNet10-add-s0,4683444,s5014158,ResNet10,CIFAR10,100,layerwise,SGDm,Lion,1e-3,1e-3,1,1,-15:-2.3026,additive,na,0.06,0,100,100,89.53,89.42,92.51,0,node885,21,env,,0,24,41,,89.07,15
r10c-r05-s0,4684276,s5014158,ResNet10,CIFAR10,100,layerwise,SGDm,Lion,1e-3,1e-3,1,1,-15:-2.3026,additive,na,0.5,0,100,100,91.47,91.18,99.64,0,node885,21,env,,0,15,21,37,91.097,52
p5-r10-lay,4683378,s5014158,ResNet10,CIFAR10,100,layerwise,SGDm,Lion,1e-3,1e-6,1,1,-15:-2.3026,shrink,1.0,na,0,20,20,44.99,44.99,43.09,0,node859,12,env,,0,,,,22.364,0
sa3-ResNet10-layer-s0,4683443,s5014158,ResNet10,CIFAR10,100,layerwise,SGDm,Lion,1e-3,1e-3,1,1,-15:-2.3026,,na,na,0,100,100,91.73,91.52,99.79,0,node881,21,env,,0,17,25,36,91.399,33
r10b-r06-s0,4683628,s5014158,ResNet10,CIFAR10,100,layerwise,SGDm,Lion,1e-3,1e-6,1,1,-15:-2.3026,additive,na,0.6,0,100,100,91.01,90.88,99.48,0,node886,21,env,,0,32,41,62,90.37,49
r10c-r0-s0,4684264,s5014158,ResNet10,CIFAR10,100,layerwise,SGDm,Lion,1e-3,1e-3,1,1,-15:-2.3026,additive,na,0,0,100,100,82.46,82.43,84.58,0,node881,21,env,,0,,,,82.218,0
r10-r0-s0,4683316,s5014158,ResNet10,CIFAR10,100,layerwise,SGDm,Lion,1e-3,1e-6,1,1,-15:-2.3026,additive,na,0,0,100,100,82.42,82.18,84.42,0,node883,21,env,,0,,,,82.044,0
r10-r006-s0,4683325,s5014158,ResNet10,CIFAR10,100,layerwise,SGDm,Lion,1e-3,1e-6,1,1,-15:-2.3026,additive,na,0.06,0,100,100,91.23,91.23,95.99,0,node883,21,env,,0,38,41,45,90.832,53
r10c-r01-s0,4684270,s5014158,ResNet10,CIFAR10,100,layerwise,SGDm,Lion,1e-3,1e-3,1,1,-15:-2.3026,additive,na,0.1,0,100,100,90.38,90.18,94.21,0,node887,21,env,,0,19,27,68,89.977,51
r10-r007-s0,4683328,s5014158,ResNet10,CIFAR10,100,layerwise,SGDm,Lion,1e-3,1e-6,1,1,-15:-2.3026,additive,na,0.07,0,100,100,91.44,91.41,97.12,0,node859,61,env,,0,38,41,45,91.103,35
r10b-r04-s0,4683625,s5014158,ResNet10,CIFAR10,100,layerwise,SGDm,Lion,1e-3,1e-6,1,1,-15:-2.3026,additive,na,0.4,0,100,100,91.05,91.05,99.43,0,node885,21,env,,0,30,42,59,90.47,48
r10-r003-s0,4683319,s5014158,ResNet10,CIFAR10,100,layerwise,SGDm,Lion,1e-3,1e-6,1,1,-15:-2.3026,additive,na,0.03,0,100,100,89.82,89.4,92.53,0,node883,21,env,,0,39,45,,89.404,32
r10c-r02-s0,4684273,s5014158,ResNet10,CIFAR10,100,layerwise,SGDm,Lion,1e-3,1e-3,1,1,-15:-2.3026,additive,na,0.2,0,100,100,91.43,91.11,97.97,0,node858,61,env,,0,16,21,32,90.674,72
r10b-r008-s0,4683616,s5014158,ResNet10,CIFAR10,100,layerwise,SGDm,Lion,1e-3,1e-6,1,1,-15:-2.3026,additive,na,0.08,0,100,100,91.9,91.83,97.9,0,node887,21,env,,0,36,40,43,91.492,9
r10b-r03-s0,4683622,s5014158,ResNet10,CIFAR10,100,layerwise,SGDm,Lion,1e-3,1e-6,1,1,-15:-2.3026,additive,na,0.3,0,100,100,91.46,90.89,99.38,0,node880,21,env,,0,32,38,56,90.921,48
r10-r02-s0,4683334,s5014158,ResNet10,CIFAR10,100,layerwise,SGDm,Lion,1e-3,1e-6,1,1,-15:-2.3026,additive,na,0.2,0,100,100,91.53,91.53,99.3,0,node851,63,env,,0,32,36,42,91.211,43
r10-r1-s0,4683337,s5014158,ResNet10,CIFAR10,100,layerwise,SGDm,Lion,1e-3,1e-6,1,1,-15:-2.3026,additive,na,1,0,100,100,91.26,91.02,99.48,0,node858,61,env,,0,32,42,62,90.772,47
r10-r01-s0,4683331,s5014158,ResNet10,CIFAR10,100,layerwise,SGDm,Lion,1e-3,1e-6,1,1,-15:-2.3026,additive,na,0.1,0,100,100,91.93,91.71,98.68,0,node883,21,env,,0,35,39,42,91.611,12
r10-r0-s1,4683317,s5014158,ResNet10,CIFAR10,100,layerwise,SGDm,Lion,1e-3,1e-6,1,1,-15:-2.3026,additive,na,0,1,100,100,82.86,82.04,84.28,0,node858,60,env,,0,,,,82.19,0
r10c-r02-s1,4684274,s5014158,ResNet10,CIFAR10,100,layerwise,SGDm,Lion,1e-3,1e-3,1,1,-15:-2.3026,additive,na,0.2,1,100,100,91.17,90.51,98.37,0,node881,21,env,,0,16,21,30,90.744,72
r10-r007-s1,4683329,s5014158,ResNet10,CIFAR10,100,layerwise,SGDm,Lion,1e-3,1e-6,1,1,-15:-2.3026,additive,na,0.07,1,100,100,91.23,90.91,96.41,0,node858,61,env,,0,37,41,44,90.745,54
r10c-r01-s1,4684271,s5014158,ResNet10,CIFAR10,100,layerwise,SGDm,Lion,1e-3,1e-3,1,1,-15:-2.3026,additive,na,0.1,1,100,100,90.25,89.37,94.19,0,node858,61,env,,0,20,29,76,89.692,47
r10c-r1-s1,4684280,s5014158,ResNet10,CIFAR10,100,layerwise,SGDm,Lion,1e-3,1e-3,1,1,-15:-2.3026,additive,na,1,1,100,100,91.62,91.23,99.79,0,node881,21,env,,0,20,26,36,91.171,47
r10b-r008-s1,4683617,s5014158,ResNet10,CIFAR10,100,layerwise,SGDm,Lion,1e-3,1e-6,1,1,-15:-2.3026,additive,na,0.08,1,100,100,91.5,91.1,97.34,0,node885,21,env,,0,37,40,44,91.079,31
r10b-r03-s1,4683623,s5014158,ResNet10,CIFAR10,100,layerwise,SGDm,Lion,1e-3,1e-6,1,1,-15:-2.3026,additive,na,0.3,1,100,100,91.05,90.81,99.27,0,node881,21,env,,0,33,40,63,90.553,46
r10-r02-s1,4683335,s5014158,ResNet10,CIFAR10,100,layerwise,SGDm,Lion,1e-3,1e-6,1,1,-15:-2.3026,additive,na,0.2,1,100,100,91.06,90.92,99.32,0,node883,21,env,,0,35,39,50,90.816,57
r10-r1-s1,4683338,s5014158,ResNet10,CIFAR10,100,layerwise,SGDm,Lion,1e-3,1e-6,1,1,-15:-2.3026,additive,na,1,1,100,100,90.96,90.75,99.46,0,node851,64,env,,0,34,46,61,90.451,43
r10b-r015-s1,4683620,s5014158,ResNet10,CIFAR10,100,layerwise,SGDm,Lion,1e-3,1e-6,1,1,-15:-2.3026,additive,na,0.15,1,100,100,91.68,90.85,99.15,0,node887,21,env,,0,35,39,42,91.26,24
r10-r005-s1,4683323,s5014158,ResNet10,CIFAR10,100,layerwise,SGDm,Lion,1e-3,1e-6,1,1,-15:-2.3026,additive,na,0.05,1,100,100,90.38,89.88,94.0,0,node858,61,env,,0,38,44,74,89.847,46
r10-r006-s1,4683326,s5014158,ResNet10,CIFAR10,100,layerwise,SGDm,Lion,1e-3,1e-6,1,1,-15:-2.3026,additive,na,0.06,1,100,100,90.88,90.45,95.15,0,node859,61,env,,0,38,41,54,90.477,57
r10-r003-s1,4683320,s5014158,ResNet10,CIFAR10,100,layerwise,SGDm,Lion,1e-3,1e-6,1,1,-15:-2.3026,additive,na,0.03,1,100,100,89.4,88.73,91.94,0,node851,64,env,,0,40,59,,88.905,8
r10c-r005-s1,4684268,s5014158,ResNet10,CIFAR10,100,layerwise,SGDm,Lion,1e-3,1e-3,1,1,-15:-2.3026,additive,na,0.05,1,100,100,89.12,88.76,92.42,0,node885,21,env,,0,22,44,,88.646,1
sa3-ResNet10-add-s1,4683453,s5014158,ResNet10,CIFAR10,100,layerwise,SGDm,Lion,1e-3,1e-3,1,1,-15:-2.3026,additive,na,0.06,1,100,100,89.43,88.91,92.68,0,node887,21,env,,0,21,42,,89.014,13
sa3-ResNet10-layer-s1,4683452,s5014158,ResNet10,CIFAR10,100,layerwise,SGDm,Lion,1e-3,1e-3,1,1,-15:-2.3026,,na,na,1,100,100,91.97,91.97,99.77,0,node881,21,env,,0,20,26,41,91.436,37
r10-r01-s1,4683332,s5014158,ResNet10,CIFAR10,100,layerwise,SGDm,Lion,1e-3,1e-6,1,1,-15:-2.3026,additive,na,0.1,1,100,100,91.75,91.16,98.36,0,node851,64,env,,0,35,40,42,91.532,13
r10c-r05-s1,4684277,s5014158,ResNet10,CIFAR10,100,layerwise,SGDm,Lion,1e-3,1e-3,1,1,-15:-2.3026,additive,na,0.5,1,100,100,91.52,91.03,99.59,0,node887,21,env,,0,17,26,36,91.097,46
r10b-r04-s1,4683626,s5014158,ResNet10,CIFAR10,100,layerwise,SGDm,Lion,1e-3,1e-6,1,1,-15:-2.3026,additive,na,0.4,1,100,100,90.97,90.47,99.22,0,node851,64,env,,0,33,47,66,90.462,47
r10b-r06-s1,4683629,s5014158,ResNet10,CIFAR10,100,layerwise,SGDm,Lion,1e-3,1e-6,1,1,-15:-2.3026,additive,na,0.6,1,100,100,90.92,90.5,99.28,0,node887,21,env,,0,34,48,66,90.263,44
r10c-r0-s1,4684265,s5014158,ResNet10,CIFAR10,100,layerwise,SGDm,Lion,1e-3,1e-3,1,1,-15:-2.3026,additive,na,0,1,100,100,82.68,81.92,84.58,0,node851,65,env,,0,,,,82.323,0
sa3-ResNet10-layer-s2,4683461,s5014158,ResNet10,CIFAR10,100,layerwise,SGDm,Lion,1e-3,1e-3,1,1,-15:-2.3026,,na,na,2,100,100,91.49,91.27,99.72,0,node881,21,env,,0,17,24,35,90.943,55
r10-r006-s2,4683327,s5014158,ResNet10,CIFAR10,100,layerwise,SGDm,Lion,1e-3,1e-6,1,1,-15:-2.3026,additive,na,0.06,2,100,100,91.29,90.87,96.43,0,node880,21,env,,0,37,40,46,90.982,46
r10c-r01-s2,4684272,s5014158,ResNet10,CIFAR10,100,layerwise,SGDm,Lion,1e-3,1e-3,1,1,-15:-2.3026,additive,na,0.1,2,100,100,90.12,89.61,94.65,0,node887,21,env,,0,19,28,90,89.701,44
r10-r003-s2,4683321,s5014158,ResNet10,CIFAR10,100,layerwise,SGDm,Lion,1e-3,1e-6,1,1,-15:-2.3026,additive,na,0.03,2,100,100,89.82,89.82,92.74,0,node851,65,env,,0,39,49,,89.386,29
r10c-r005-s2,4684269,s5014158,ResNet10,CIFAR10,100,layerwise,SGDm,Lion,1e-3,1e-3,1,1,-15:-2.3026,additive,na,0.05,2,100,100,89.27,88.95,92.21,0,node887,21,env,,0,25,50,,88.674,5
r10b-r06-s2,4683630,s5014158,ResNet10,CIFAR10,100,layerwise,SGDm,Lion,1e-3,1e-6,1,1,-15:-2.3026,additive,na,0.6,2,100,100,91.32,91.2,99.42,0,node883,21,env,,0,32,40,56,90.842,44
r10-r02-s2,4683336,s5014158,ResNet10,CIFAR10,100,layerwise,SGDm,Lion,1e-3,1e-6,1,1,-15:-2.3026,additive,na,0.2,2,100,100,91.55,91.44,99.37,0,node851,64,env,,0,33,35,49,91.212,38
r10c-r05-s2,4684278,s5014158,ResNet10,CIFAR10,100,layerwise,SGDm,Lion,1e-3,1e-3,1,1,-15:-2.3026,additive,na,0.5,2,100,100,91.29,90.77,99.55,0,node887,21,env,,0,16,24,40,90.943,56
r10-r01-s2,4683333,s5014158,ResNet10,CIFAR10,100,layerwise,SGDm,Lion,1e-3,1e-6,1,1,-15:-2.3026,additive,na,0.1,2,100,100,92.03,91.68,98.77,0,node880,21,env,,0,35,38,46,91.627,18
r10-r005-s2,4683324,s5014158,ResNet10,CIFAR10,100,layerwise,SGDm,Lion,1e-3,1e-6,1,1,-15:-2.3026,additive,na,0.05,2,100,100,91.19,90.84,95.29,0,node858,61,env,,0,37,42,58,90.62,53
r10b-r04-s2,4683627,s5014158,ResNet10,CIFAR10,100,layerwise,SGDm,Lion,1e-3,1e-6,1,1,-15:-2.3026,additive,na,0.4,2,100,100,91.29,91.29,99.47,0,node881,21,env,,0,33,40,59,90.738,48
r10b-r03-s2,4683624,s5014158,ResNet10,CIFAR10,100,layerwise,SGDm,Lion,1e-3,1e-6,1,1,-15:-2.3026,additive,na,0.3,2,100,100,91.36,91.03,99.36,0,node886,21,env,,0,33,39,56,90.869,46
sa3-ResNet10-add-s2,4683462,s5014158,ResNet10,CIFAR10,100,layerwise,SGDm,Lion,1e-3,1e-3,1,1,-15:-2.3026,additive,na,0.06,2,100,100,89.28,89.07,92.65,0,node886,21,env,,0,22,41,,88.803,5
r10c-r02-s2,4684275,s5014158,ResNet10,CIFAR10,100,layerwise,SGDm,Lion,1e-3,1e-3,1,1,-15:-2.3026,additive,na,0.2,2,100,100,91.48,90.6,98.18,0,node851,64,env,,0,16,19,32,90.882,68
r10-r007-s2,4683330,s5014158,ResNet10,CIFAR10,100,layerwise,SGDm,Lion,1e-3,1e-6,1,1,-15:-2.3026,additive,na,0.07,2,100,100,91.9,91.67,97.41,0,node858,61,env,,0,35,40,45,91.467,15
r10-r0-s2,4683318,s5014158,ResNet10,CIFAR10,100,layerwise,SGDm,Lion,1e-3,1e-6,1,1,-15:-2.3026,additive,na,0,2,100,100,82.47,82.14,84.18,0,node880,21,env,,0,,,,82.109,0
r10b-r008-s2,4683618,s5014158,ResNet10,CIFAR10,100,layerwise,SGDm,Lion,1e-3,1e-6,1,1,-15:-2.3026,additive,na,0.08,2,100,100,92.2,91.7,98.13,0,node886,21,env,,0,35,39,43,91.596,14
r10b-r015-s2,4683621,s5014158,ResNet10,CIFAR10,100,layerwise,SGDm,Lion,1e-3,1e-6,1,1,-15:-2.3026,additive,na,0.15,2,100,100,91.76,91.58,99.3,0,node883,21,env,,0,34,37,44,91.47,30
r10-r1-s2,4683339,s5014158,ResNet10,CIFAR10,100,layerwise,SGDm,Lion,1e-3,1e-6,1,1,-15:-2.3026,additive,na,1,2,100,100,91.06,90.94,99.48,0,node880,21,env,,0,30,40,61,90.536,50
r10c-r1-s2,4684281,s5014158,ResNet10,CIFAR10,100,layerwise,SGDm,Lion,1e-3,1e-3,1,1,-15:-2.3026,additive,na,1,2,100,100,91.31,90.91,99.63,0,node851,64,env,,0,18,24,40,90.893,59
r10c-r0-s2,4684266,s5014158,ResNet10,CIFAR10,100,layerwise,SGDm,Lion,1e-3,1e-3,1,1,-15:-2.3026,additive,na,0,2,100,100,82.49,82.0,84.26,0,node887,21,env,,0,,,,82.036,0
p5-r10-node,4683379,s5014158,ResNet10,CIFAR10,100,nodewise,SGDm,Lion,1e-3,1e-6,1,1,-15:-2.3026,shrink,1.0,na,0,20,20,30.96,30.96,30.48,0,node886,6,env,,0,,,,17.464,0
p5-r10-scal,4683377,s5014158,ResNet10,CIFAR10,100,scalar,SGDm,Lion,1e-3,1e-6,1,1,-15:-2.3026,,na,na,0,20,20,60.98,60.98,60.33,0,node858,14,env,,0,,,,27.948,0
sa3-ResNet10-scal-s0,4683442,s5014158,ResNet10,CIFAR10,100,scalar,SGDm,Lion,1e-3,1e-3,1,1,-15:-2.3026,,na,na,0,100,100,71.93,71.69,72.15,0,node883,30,env,,0,,,,71.668,0
sa3-ResNet10-scal-s1,4683451,s5014158,ResNet10,CIFAR10,100,scalar,SGDm,Lion,1e-3,1e-3,1,1,-15:-2.3026,,na,na,1,100,100,70.1,69.94,70.28,0,node851,73,env,,0,,,,69.897,0
sa3-ResNet10-scal-s2,4683460,s5014158,ResNet10,CIFAR10,100,scalar,SGDm,Lion,1e-3,1e-3,1,1,-15:-2.3026,,na,na,2,100,100,70.61,70.34,70.54,0,node858,72,env,,0,,,,70.344,0
p5-r10-w,4683380,s5014158,ResNet10,CIFAR10,100,weightwise,SGDm,Lion,1e-3,1e-6,1,1,-15:-2.3026,shrink,1.0,na,0,20,20,12.91,12.91,12.63,0,node882,6,env,,0,,,,10.913,0
a0-layer-1e6_s0,4680710,s5014158,ResNet18,CIFAR10,100,layerwise,AdamW,Adam,1e-3,1e-6,1,1,-15:-2.3026,,na,na,0,100,100,91.94,91.53,99.8,0,node881,40,env,,0,10,16,27,91.683,29
g2_mAdam_layer_s0,4679381,s5014158,ResNet18,CIFAR10,100,layerwise,AdamW,Adam,1e-3,1e-6,1,1,none,,na,na,0,100,100,92.08,91.67,99.83,0,node882,41,inferred,,0,9,16,24,91.767,26
a0-layer-1e4_s0,4680709,s5014158,ResNet18,CIFAR10,100,layerwise,AdamW,Adam,1e-3,1e-4,1,1,-15:-2.3026,,na,na,0,100,100,92.4,92.27,99.83,0,node885,39,env,a0-layer-1e4_s0,0,7,12,19,92.053,21
g1_adamw_layer_s0,4679169,s5014158,ResNet18,CIFAR10,100,layerwise,AdamW,Lion,1e-3,1e-6,1,1,none,,na,na,0,100,100,92.0,91.82,99.74,0,node885,42,inferred,,0,13,18,31,91.569,35
a0-layer-1e3_s0,4680708,s5014158,ResNet18,CIFAR10,100,layerwise,AdamW,Adam,1e-3,1e-3,1,1,-15:-2.3026,,na,na,0,100,100,91.15,90.58,99.87,0,node880,40,env,,0,10,15,38,90.844,74
a0-layer-1e4_s0,4682515,s5014158,ResNet18,CIFAR10,100,layerwise,AdamW,Adam,1e-3,1e-4,1,1,-15:-2.3026,,na,na,0,55,100,91.96,91.96,99.48,0,node880,,env,a0-layer-1e4_s0,1,6,11,19,91.558,17
g2_mAdam_layer_s1,4679382,s5014158,ResNet18,CIFAR10,100,layerwise,AdamW,Adam,1e-3,1e-6,1,1,none,,na,na,1,100,100,92.0,91.52,99.84,0,node882,41,inferred,,0,8,15,24,91.582,39
a0-layer-1e3_s1,4680717,s5014158,ResNet18,CIFAR10,100,layerwise,AdamW,Adam,1e-3,1e-3,1,1,-15:-2.3026,,na,na,1,100,100,90.87,90.77,99.85,0,node885,39,env,,0,9,15,29,90.619,81
g1_adamw_layer_s1,4679170,s5014158,ResNet18,CIFAR10,100,layerwise,AdamW,Lion,1e-3,1e-6,1,1,none,,na,na,1,100,100,91.67,91.15,99.78,0,node885,42,inferred,,0,14,16,32,91.179,39
a0-layer-1e4_s1,4680718,s5014158,ResNet18,CIFAR10,100,layerwise,AdamW,Adam,1e-3,1e-4,1,1,-15:-2.3026,,na,na,1,100,100,92.31,92.31,99.88,0,node881,39,env,,0,8,12,17,91.773,24
a0-layer-1e6_s1,4680719,s5014158,ResNet18,CIFAR10,100,layerwise,AdamW,Adam,1e-3,1e-6,1,1,-15:-2.3026,,na,na,1,100,100,92.12,92.1,99.77,0,node882,39,env,,0,10,15,26,91.752,23
g1_adamw_layer_s2,4679171,s5014158,ResNet18,CIFAR10,100,layerwise,AdamW,Lion,1e-3,1e-6,1,1,none,,na,na,2,100,100,91.83,91.76,99.77,0,node885,42,inferred,,0,13,19,35,91.505,41
a0-layer-1e3_s2,4680726,s5014158,ResNet18,CIFAR10,100,layerwise,AdamW,Adam,1e-3,1e-3,1,1,-15:-2.3026,,na,na,2,100,100,91.19,91.09,99.92,0,node881,39,env,,0,10,15,32,91.015,67
g2_mAdam_layer_s2,4679383,s5014158,ResNet18,CIFAR10,100,layerwise,AdamW,Adam,1e-3,1e-6,1,1,none,,na,na,2,100,100,92.19,92.0,99.85,0,node882,40,inferred,,0,9,15,27,91.801,28
a0-layer-1e4_s2,4680727,s5014158,ResNet18,CIFAR10,100,layerwise,AdamW,Adam,1e-3,1e-4,1,1,-15:-2.3026,,na,na,2,100,100,92.05,91.78,99.81,0,node882,39,env,,0,8,14,22,91.767,20
a0-layer-1e6_s2,4680728,s5014158,ResNet18,CIFAR10,100,layerwise,AdamW,Adam,1e-3,1e-6,1,1,-15:-2.3026,,na,na,2,100,100,91.89,91.86,99.84,0,node882,39,env,,0,10,14,28,91.655,34
a0-blk6-1e6_s0,4680707,s5014158,ResNet18,CIFAR10,100,resnet18_blocks,AdamW,Adam,1e-3,1e-6,1,1,-15:-2.3026,,na,na,0,100,100,92.24,92.1,99.71,0,node885,43,env,,0,10,17,30,91.802,31
a0-blk6-1e4_s0,4680706,s5014158,ResNet18,CIFAR10,100,resnet18_blocks,AdamW,Adam,1e-3,1e-4,1,1,-15:-2.3026,,na,na,0,100,100,92.23,91.25,99.7,0,node886,43,env,a0-blk6-1e4_s0,0,10,16,29,91.749,31
g1_adamw_blk6_s0,4679166,s5014158,ResNet18,CIFAR10,100,resnet18_blocks,AdamW,Lion,1e-3,1e-6,1,1,none,,na,na,0,100,100,92.1,91.68,99.62,0,node882,46,inferred,,0,12,17,35,91.641,38
g2_mAdam_blk6_s0,4679378,s5014158,ResNet18,CIFAR10,100,resnet18_blocks,AdamW,Adam,1e-3,1e-6,1,1,none,,na,na,0,100,100,92.2,91.71,99.7,0,node885,43,inferred,,0,10,17,27,91.619,27
a0-blk6-1e4_s0,4682514,s5014158,ResNet18,CIFAR10,100,resnet18_blocks,AdamW,Adam,1e-3,1e-4,1,1,-15:-2.3026,,na,na,0,50,100,91.25,90.64,98.85,0,node882,,env,a0-blk6-1e4_s0,1,8,18,27,90.264,25
a0-blk6-1e3_s0,4680705,s5014158,ResNet18,CIFAR10,100,resnet18_blocks,AdamW,Adam,1e-3,1e-3,1,1,-15:-2.3026,,na,na,0,100,100,92.14,91.91,99.92,0,node885,43,env,,0,8,11,19,91.849,17
a0-blk6-1e3_s1,4680714,s5014158,ResNet18,CIFAR10,100,resnet18_blocks,AdamW,Adam,1e-3,1e-3,1,1,-15:-2.3026,,na,na,1,100,100,92.26,92.17,99.93,0,node886,43,env,,0,8,12,18,92.118,12
a0-blk6-1e4_s1,4680715,s5014158,ResNet18,CIFAR10,100,resnet18_blocks,AdamW,Adam,1e-3,1e-4,1,1,-15:-2.3026,,na,na,1,100,100,91.94,91.44,99.58,0,node885,43,env,,0,8,14,25,91.585,31
g1_adamw_blk6_s1,4679167,s5014158,ResNet18,CIFAR10,100,resnet18_blocks,AdamW,Lion,1e-3,1e-6,1,1,none,,na,na,1,100,100,91.52,91.3,99.66,0,node880,46,inferred,,0,14,17,36,91.079,51
g2_mAdam_blk6_s1,4679379,s5014158,ResNet18,CIFAR10,100,resnet18_blocks,AdamW,Adam,1e-3,1e-6,1,1,none,,na,na,1,100,100,91.98,91.82,99.71,0,node880,45,inferred,,0,10,16,28,91.655,34
a0-blk6-1e6_s1,4680716,s5014158,ResNet18,CIFAR10,100,resnet18_blocks,AdamW,Adam,1e-3,1e-6,1,1,-15:-2.3026,,na,na,1,100,100,91.9,91.79,99.71,0,node880,44,env,,0,10,16,29,91.547,29
g1_adamw_blk6_s2,4679168,s5014158,ResNet18,CIFAR10,100,resnet18_blocks,AdamW,Lion,1e-3,1e-6,1,1,none,,na,na,2,100,100,91.95,91.07,99.79,0,node881,46,inferred,,0,13,19,36,91.382,39
a0-blk6-1e6_s2,4680725,s5014158,ResNet18,CIFAR10,100,resnet18_blocks,AdamW,Adam,1e-3,1e-6,1,1,-15:-2.3026,,na,na,2,100,100,91.96,91.88,99.74,0,node880,44,env,,0,11,15,33,91.713,37
a0-blk6-1e4_s2,4680724,s5014158,ResNet18,CIFAR10,100,resnet18_blocks,AdamW,Adam,1e-3,1e-4,1,1,-15:-2.3026,,na,na,2,100,100,91.91,91.44,99.63,0,node885,43,env,,0,10,19,34,91.581,32
a0-blk6-1e3_s2,4680723,s5014158,ResNet18,CIFAR10,100,resnet18_blocks,AdamW,Adam,1e-3,1e-3,1,1,-15:-2.3026,,na,na,2,100,100,92.18,92.12,99.94,0,node885,43,env,,0,9,12,19,92.039,10
g2_mAdam_blk6_s2,4679380,s5014158,ResNet18,CIFAR10,100,resnet18_blocks,AdamW,Adam,1e-3,1e-6,1,1,none,,na,na,2,100,100,92.0,91.95,99.64,0,node881,45,inferred,,0,10,15,27,91.645,38
g2_mAdam_scal_s0,4679375,s5014158,ResNet18,CIFAR10,100,scalar,AdamW,Adam,1e-3,1e-6,1,1,none,,na,na,0,100,100,92.23,91.97,99.67,0,node886,46,inferred,,0,10,17,25,91.663,30
a0-scal-1e3_s0,4680702,s5014158,ResNet18,CIFAR10,100,scalar,AdamW,Adam,1e-3,1e-3,1,1,-15:-2.3026,,na,na,0,100,100,92.76,92.56,99.92,0,node881,45,env,,0,10,12,18,92.481,9
a0-scal-1e6_s0,4680704,s5014158,ResNet18,CIFAR10,100,scalar,AdamW,Adam,1e-3,1e-6,1,1,-15:-2.3026,,na,na,0,100,100,92.12,91.41,99.61,0,node882,45,env,,0,10,19,30,91.673,36
a0-scal-1e4_s0,4680703,s5014158,ResNet18,CIFAR10,100,scalar,AdamW,Adam,1e-3,1e-4,1,1,-15:-2.3026,,na,na,0,100,100,92.37,91.98,99.75,0,node882,45,env,a0-scal-1e4_s0,0,10,14,27,91.752,36
a0-scal-1e4_s0,4682513,s5014158,ResNet18,CIFAR10,100,scalar,AdamW,Adam,1e-3,1e-4,1,1,-15:-2.3026,,na,na,0,50,100,91.14,91.07,98.62,0,node882,,env,a0-scal-1e4_s0,1,8,16,26,90.477,23
g1_adamw_scal_s0,4679277,s5014158,ResNet18,CIFAR10,100,scalar,AdamW,Lion,1e-3,1e-6,1,1,none,,na,na,0,100,100,92.05,91.67,99.58,0,node885,45,inferred,,0,11,19,33,91.74,26
a0-scal-1e4_s1,4680712,s5014158,ResNet18,CIFAR10,100,scalar,AdamW,Adam,1e-3,1e-4,1,1,-15:-2.3026,,na,na,1,100,100,92.31,92.31,99.7,0,node882,44,env,,0,8,16,29,91.771,31
a0-scal-1e6_s1,4680713,s5014158,ResNet18,CIFAR10,100,scalar,AdamW,Adam,1e-3,1e-6,1,1,-15:-2.3026,,na,na,1,100,100,92.02,91.65,99.71,0,node885,44,env,,0,10,16,35,91.495,39
g1_adamw_scal_s1,4679278,s5014158,ResNet18,CIFAR10,100,scalar,AdamW,Lion,1e-3,1e-6,1,1,none,,na,na,1,100,100,91.87,91.87,99.65,0,node885,45,inferred,,0,14,21,36,91.534,41
g2_mAdam_scal_s1,4679376,s5014158,ResNet18,CIFAR10,100,scalar,AdamW,Adam,1e-3,1e-6,1,1,none,,na,na,1,100,100,91.77,91.77,99.58,0,node885,44,inferred,,0,10,22,36,91.422,37
a0-scal-1e3_s1,4680711,s5014158,ResNet18,CIFAR10,100,scalar,AdamW,Adam,1e-3,1e-3,1,1,-15:-2.3026,,na,na,1,100,100,93.07,92.83,99.93,0,node882,43,env,,0,9,13,16,92.816,6
g2_mAdam_scal_s2,4679377,s5014158,ResNet18,CIFAR10,100,scalar,AdamW,Adam,1e-3,1e-6,1,1,none,,na,na,2,100,100,91.8,91.55,99.72,0,node885,44,inferred,,0,12,18,31,91.426,40
a0-scal-1e6_s2,4680722,s5014158,ResNet18,CIFAR10,100,scalar,AdamW,Adam,1e-3,1e-6,1,1,-15:-2.3026,,na,na,2,100,100,92.14,91.95,99.54,0,node885,44,env,,0,12,22,32,91.651,32
a0-scal-1e4_s2,4680721,s5014158,ResNet18,CIFAR10,100,scalar,AdamW,Adam,1e-3,1e-4,1,1,-15:-2.3026,,na,na,2,100,100,92.2,91.95,99.64,0,node886,43,env,,0,9,15,26,91.703,29
a0-scal-1e3_s2,4680720,s5014158,ResNet18,CIFAR10,100,scalar,AdamW,Adam,1e-3,1e-3,1,1,-15:-2.3026,,na,na,2,100,100,92.98,92.78,99.98,0,node882,43,env,,0,11,14,17,92.754,9
g1_adamw_scal_s2,4679279,s5014158,ResNet18,CIFAR10,100,scalar,AdamW,Lion,1e-3,1e-6,1,1,none,,na,na,2,100,100,92.04,90.97,99.53,0,node885,45,inferred,,0,14,21,31,91.428,43
g1_adamw_weight_s0,4679172,s5014158,ResNet18,CIFAR10,100,weightwise,AdamW,Lion,1e-3,1e-6,1,1,none,,na,na,0,100,100,85.82,85.2,97.7,0,node885,44,inferred,,0,64,,,85.281,0
g1_adamw_weight_s1,4679173,s5014158,ResNet18,CIFAR10,100,weightwise,AdamW,Lion,1e-3,1e-6,1,1,none,,na,na,1,100,100,85.96,85.2,97.75,0,node886,45,inferred,,0,67,,,85.302,0
g1_adamw_weight_s2,4679174,s5014158,ResNet18,CIFAR10,100,weightwise,AdamW,Lion,1e-3,1e-6,1,1,none,,na,na,2,100,100,86.38,86.14,97.74,0,node886,45,inferred,,0,62,,,85.576,0
a2_smoke,4679107,s5014158,ResNet18,CIFAR10,100,scalar,HF,?,1e-3,1e-6,1,1,none,,na,na,1,2,2,56.12,56.12,50.69,0,node851,4,inferred,,0,,,,,0
bo-lion-r02-s0,4685388,s5014158,ResNet18,CIFAR10,100,layerwise,Lion,Lion,1e-3,1e-6,1,1,-15:-2.3026,additive,0,0.2,0,100,100,92.55,92.36,99.87,0,node887,39,env,,0,13,18,26,92.285,15
bo-lion-r006-s0,4685387,s5014158,ResNet18,CIFAR10,100,layerwise,Lion,Lion,1e-3,1e-6,1,1,-15:-2.3026,additive,0,0.06,0,100,100,93.25,93.07,99.94,0,node887,39,env,,0,13,20,26,92.985,12
bo-lion-r0-s0,4685386,s5014158,ResNet18,CIFAR10,100,layerwise,Lion,Lion,1e-3,1e-6,1,1,-15:-2.3026,additive,0,0,0,100,100,94.14,94.14,99.97,0,node885,39,env,,0,15,20,28,93.827,19
bo-lion-layer-s0,4685385,s5014158,ResNet18,CIFAR10,100,layerwise,Lion,Lion,1e-3,1e-6,1,1,-15:-2.3026,,0,na,0,100,100,91.92,91.41,99.77,0,node858,76,env,,0,12,16,28,91.567,32
bo-lion-r02-s1,4685393,s5014158,ResNet18,CIFAR10,100,layerwise,Lion,Lion,1e-3,1e-6,1,1,-15:-2.3026,additive,0,0.2,1,100,100,92.42,92.32,99.89,0,node887,39,env,,0,13,18,25,92.174,15
bo-lion-r0-s1,4685391,s5014158,ResNet18,CIFAR10,100,layerwise,Lion,Lion,1e-3,1e-6,1,1,-15:-2.3026,additive,0,0,1,100,100,93.99,93.93,99.96,0,node885,39,env,,0,14,22,29,93.498,16
bo-lion-r006-s1,4685392,s5014158,ResNet18,CIFAR10,100,layerwise,Lion,Lion,1e-3,1e-6,1,1,-15:-2.3026,additive,0,0.06,1,100,100,93.44,93.36,99.95,0,node887,39,env,,0,14,19,29,93.141,14
bo-lion-layer-s1,4685390,s5014158,ResNet18,CIFAR10,100,layerwise,Lion,Lion,1e-3,1e-6,1,1,-15:-2.3026,,0,na,1,100,100,91.74,91.43,99.76,0,node887,39,env,,0,11,16,33,91.286,42
bo-lion-layer-s2,4685395,s5014158,ResNet18,CIFAR10,100,layerwise,Lion,Lion,1e-3,1e-6,1,1,-15:-2.3026,,0,na,2,100,100,91.52,91.24,99.76,0,node858,75,env,,0,11,16,27,91.127,50
bo-lion-scal-s0,4685384,s5014158,ResNet18,CIFAR10,100,scalar,Lion,Lion,1e-3,1e-6,1,1,-15:-2.3026,,0,na,0,100,100,92.05,91.91,99.68,0,node851,95,env,,0,11,16,27,91.69,28
bo-lion-scal-s1,4685389,s5014158,ResNet18,CIFAR10,100,scalar,Lion,Lion,1e-3,1e-6,1,1,-15:-2.3026,,0,na,1,100,100,91.79,91.62,99.68,0,node851,94,env,,0,11,18,29,91.442,39
bo-lion-scal-s2,4685394,s5014158,ResNet18,CIFAR10,100,scalar,Lion,Lion,1e-3,1e-6,1,1,-15:-2.3026,,0,na,2,100,100,91.66,91.12,99.69,0,node859,94,env,,0,11,18,33,91.196,48
p4-ad-r1,4681092,s5014158,ResNet18,CIFAR10,100,layerwise,SGDm,Lion,1e-3,1e-6,1,1,-15:-2.3026,additive,na,1.0,0,20,20,73.58,73.58,73.06,0,node885,6,env,,0,,,,32.926,0
p6-r03-s0,4683401,s5014158,ResNet18,CIFAR10,100,layerwise,SGDm,Lion,1e-3,1e-3,1,1,-15:-2.3026,additive,na,0.3,0,100,100,92.15,91.76,99.9,0,node881,31,env,,0,15,17,26,91.825,31
p6-r1-s0,4683403,s5014158,ResNet18,CIFAR10,100,layerwise,SGDm,Lion,1e-3,1e-3,1,1,-15:-2.3026,additive,na,1,0,100,100,91.47,91.21,99.85,0,node887,31,env,,0,14,25,42,91.184,49
ad-l-r0_s0,4681038,s5014158,ResNet18,CIFAR10,100,layerwise,SGDm,Lion,1e-3,1e-6,1,1,-15:-2.3026,additive,na,0,0,100,100,92.44,92.35,97.76,0,node885,31,env,,0,36,38,41,92.222,5
p6-r006-s0,4683395,s5014158,ResNet18,CIFAR10,100,layerwise,SGDm,Lion,1e-3,1e-3,1,1,-15:-2.3026,additive,na,0.06,0,100,100,92.51,92.38,98.75,0,node859,71,env,,0,18,20,22,92.141,3
zrn-l-r09_s0,4682647,s5014158,ResNet18,CIFAR10,100,layerwise,SGDm,Lion,1e-3,1e-6,1,1,-15:-2.3026,zpool,na,0.9,0,100,100,90.61,90.26,99.53,0,node851,76,env,,0,29,40,79,90.048,42
a0A-lplain-1e3_s0,4680900,s5014158,ResNet18,CIFAR10,100,layerwise,SGDm,Adam,1e-3,1e-3,1,1,-15:-2.3026,,na,na,0,100,100,91.57,91.27,99.8,0,node851,77,env,,0,12,20,40,91.177,47
zsx-l-r0_s0,4681811,s5014158,ResNet18,CIFAR10,100,layerwise,SGDm,Lion,1e-3,1e-6,1,1,-15:-2.3026,zpool,na,0,0,100,100,87.75,87.41,93.6,0,node851,77,env,,0,38,,,87.52,0
z3-l-r0,4681226,s5014158,ResNet18,CIFAR10,100,layerwise,SGDm,Lion,1e-3,1e-3,1,1,-15:-2.3026,zpool,na,0,0,20,20,84.21,84.21,86.08,0,node851,15,env,,0,,,,71.815,0
a0A-lplain-1e6_s0,4680916,s5014158,ResNet18,CIFAR10,100,layerwise,SGDm,Adam,1e-3,1e-6,1,1,-15:-2.3026,,na,na,0,100,100,90.99,90.85,99.71,0,node851,76,env,,0,15,23,47,90.669,67
a0A-lsh01-1e4_s0,4680905,s5014158,ResNet18,CIFAR10,100,layerwise,SGDm,Adam,1e-3,1e-4,1,1,-15:-2.3026,shrink,0.1,na,0,100,100,92.12,91.44,97.75,0,node851,77,env,,0,13,14,20,91.752,20
p4-ad-r003,4681089,s5014158,ResNet18,CIFAR10,100,layerwise,SGDm,Lion,1e-3,1e-6,1,1,-15:-2.3026,additive,na,0.03,0,20,20,53.61,53.61,52.26,0,node887,6,env,,0,,,,26.128,0
z3-ref-layer,4681224,s5014158,ResNet18,CIFAR10,100,layerwise,SGDm,Lion,1e-3,1e-3,1,1,-15:-2.3026,,na,na,0,20,20,87.8,87.8,91.74,0,node851,15,env,,0,15,,,75.066,0
ad-l-r003_s0,4681039,s5014158,ResNet18,CIFAR10,100,layerwise,SGDm,Lion,1e-3,1e-6,1,1,-15:-2.3026,additive,na,0.03,0,100,100,92.89,92.45,98.96,0,node881,30,env,,0,37,39,41,92.555,1
p4-ad-r0,4681088,s5014158,ResNet18,CIFAR10,100,layerwise,SGDm,Lion,1e-3,1e-6,1,1,-15:-2.3026,additive,na,0,0,20,20,52.87,52.87,51.39,0,node887,6,env,,0,,,,25.908,0
ad-l-r02_s0,4681156,s5014158,ResNet18,CIFAR10,100,layerwise,SGDm,Lion,1e-3,1e-6,1,1,-15:-2.3026,additive,na,0.2,0,100,100,91.65,91.2,99.66,0,node886,31,env,,0,30,35,41,91.348,33
zad-plain_s0,4683230,s5014158,ResNet18,CIFAR10,100,layerwise,SGDm,Lion,1e-3,1e-6,1,1,-15:-2.3026,,na,na,0,100,100,91.39,91.03,99.57,0,node883,31,env,,0,28,35,53,90.975,46
p2-lay-plain,4681052,s5014158,ResNet18,CIFAR10,100,layerwise,SGDm,Lion,1e-3,1e-6,1,1,-15:-2.3026,,na,na,0,20,20,74.29,74.29,73.33,0,node882,6,env,,0,,,,33.054,0
zsx-l-r1_s0,4681821,s5014158,ResNet18,CIFAR10,100,layerwise,SGDm,Lion,1e-3,1e-6,1,1,-15:-2.3026,zpool,na,1,0,100,100,91.46,90.86,99.62,0,node851,78,env,,0,28,33,50,91.047,46
p6-r007-s0,4683397,s5014158,ResNet18,CIFAR10,100,layerwise,SGDm,Lion,1e-3,1e-3,1,1,-15:-2.3026,additive,na,0.07,0,100,100,92.6,91.98,98.92,0,node859,71,env,,0,18,19,21,92.183,4
p6-r003-s0,4683391,s5014158,ResNet18,CIFAR10,100,layerwise,SGDm,Lion,1e-3,1e-3,1,1,-15:-2.3026,additive,na,0.03,0,100,100,92.45,92.36,98.25,0,node885,31,env,,0,18,20,23,92.203,7
ad-l-r007_s0,4681647,s5014158,ResNet18,CIFAR10,100,layerwise,SGDm,Lion,1e-3,1e-6,1,1,-15:-2.3026,additive,na,0.07,0,100,100,93.51,93.31,99.83,0,node885,30,env,,0,34,40,41,93.289,3
zsx-l-r03_s0,4681815,s5014158,ResNet18,CIFAR10,100,layerwise,SGDm,Lion,1e-3,1e-6,1,1,-15:-2.3026,zpool,na,0.3,0,100,100,89.75,89.64,99.07,0,node851,77,env,,0,32,45,,89.371,25
mx-a1e3-layer-s0,4682944,s5014158,ResNet18,CIFAR10,100,layerwise,SGDm,Lion,1e-3,1e-3,1,1,-15:-2.3026,,na,na,0,100,100,91.61,91.29,99.88,0,node864,36,env,,0,15,23,40,91.158,52
p2-lay-L1p0,4681049,s5014158,ResNet18,CIFAR10,100,layerwise,SGDm,Lion,1e-3,1e-6,1,1,-15:-2.3026,shrink,1.0,na,0,20,20,53.14,53.14,51.42,0,node880,6,env,,0,,,,25.935,0
zsx-l-r01_s0,4681813,s5014158,ResNet18,CIFAR10,100,layerwise,SGDm,Lion,1e-3,1e-6,1,1,-15:-2.3026,zpool,na,0.1,0,100,100,90.08,89.88,98.68,0,node859,71,env,,0,33,52,98,89.575,27
zsx-l-r07_s0,4681819,s5014158,ResNet18,CIFAR10,100,layerwise,SGDm,Lion,1e-3,1e-6,1,1,-15:-2.3026,zpool,na,0.7,0,100,100,89.26,88.79,98.61,0,node859,72,env,,0,33,55,,88.826,5
p4-ad-r01,4681090,s5014158,ResNet18,CIFAR10,100,layerwise,SGDm,Lion,1e-3,1e-6,1,1,-15:-2.3026,additive,na,0.1,0,20,20,56.17,56.17,54.17,0,node881,6,env,,0,,,,26.711,0
zrn-l-r099_s0,4682651,s5014158,ResNet18,CIFAR10,100,layerwise,SGDm,Lion,1e-3,1e-6,1,1,-15:-2.3026,zpool,na,0.99,0,100,100,91.39,91.02,99.65,0,node859,71,env,,0,28,37,58,90.971,49
p6-r01-s0,4683399,s5014158,ResNet18,CIFAR10,100,layerwise,SGDm,Lion,1e-3,1e-3,1,1,-15:-2.3026,additive,na,0.1,0,100,100,92.73,92.19,99.42,0,node851,77,env,,0,17,19,21,92.462,2
zrn-l-r07_s0,4682645,s5014158,ResNet18,CIFAR10,100,layerwise,SGDm,Lion,1e-3,1e-6,1,1,-15:-2.3026,zpool,na,0.7,0,100,100,89.7,89.48,99.0,0,node851,78,env,,0,33,50,,89.207,19
zad-r1_s0,4683231,s5014158,ResNet18,CIFAR10,100,layerwise,SGDm,Lion,1e-3,1e-6,1,1,-15:-2.3026,additive,na,1,0,100,100,91.32,90.97,99.63,0,node880,31,env,,0,28,38,52,90.918,51
a0A-lsh01-1e3_s0,4680901,s5014158,ResNet18,CIFAR10,100,layerwise,SGDm,Adam,1e-3,1e-3,1,1,-15:-2.3026,shrink,0.1,na,0,100,100,92.17,92.17,97.98,0,node859,72,env,,0,13,14,17,91.97,18
z3-l-r1,4681227,s5014158,ResNet18,CIFAR10,100,layerwise,SGDm,Lion,1e-3,1e-3,1,1,-15:-2.3026,zpool,na,1,0,20,20,87.73,87.73,91.65,0,node859,14,env,,0,14,,,75.087,0
a0A-lplain-1e4_s0,4680904,s5014158,ResNet18,CIFAR10,100,layerwise,SGDm,Adam,1e-3,1e-4,1,1,-15:-2.3026,,na,na,0,100,100,91.38,90.91,99.76,0,node851,76,env,,0,13,20,40,90.98,66
ad-l-r01_s0,4681040,s5014158,ResNet18,CIFAR10,100,layerwise,SGDm,Lion,1e-3,1e-6,1,1,-15:-2.3026,additive,na,0.1,0,100,100,93.01,92.52,99.88,0,node881,30,env,,0,32,38,41,92.79,5
a0A-lsh01-1e6_s0,4680917,s5014158,ResNet18,CIFAR10,100,layerwise,SGDm,Adam,1e-3,1e-6,1,1,-15:-2.3026,shrink,0.1,na,0,100,100,92.36,91.94,98.06,0,node859,72,env,,0,15,15,19,92.024,14
zsx-l-r05_s0,4681817,s5014158,ResNet18,CIFAR10,100,layerwise,SGDm,Lion,1e-3,1e-6,1,1,-15:-2.3026,zpool,na,0.5,0,100,100,89.58,89.46,99.09,0,node851,78,env,,0,32,50,,89.115,16
p6-r005-s0,4683393,s5014158,ResNet18,CIFAR10,100,layerwise,SGDm,Lion,1e-3,1e-3,1,1,-15:-2.3026,additive,na,0.05,0,100,100,92.47,92.23,98.53,0,node858,71,env,,0,18,19,21,92.108,3
mx-a1e4-layer-s0,4682929,s5014158,ResNet18,CIFAR10,100,layerwise,SGDm,Lion,1e-3,1e-4,1,1,-15:-2.3026,,na,na,0,100,100,91.06,90.68,99.74,0,node883,33,env,,0,18,26,47,90.758,64
g4-sgdmAdam-layer_s0,4680742,s5014158,ResNet18,CIFAR10,100,layerwise,SGDm,Adam,1e-3,1e-6,1,1,-15:-2.3026,,na,na,0,100,100,90.76,90.6,99.68,0,node885,30,env,,0,14,26,60,90.407,62
ad-l-r03_s0,4681041,s5014158,ResNet18,CIFAR10,100,layerwise,SGDm,Lion,1e-3,1e-6,1,1,-15:-2.3026,additive,na,0.3,0,100,100,91.46,91.35,99.68,0,node880,30,env,,0,30,36,48,90.966,49
zrn-l-r095_s0,4682649,s5014158,ResNet18,CIFAR10,100,layerwise,SGDm,Lion,1e-3,1e-6,1,1,-15:-2.3026,zpool,na,0.95,0,100,100,91.18,89.93,99.45,0,node851,77,env,,0,30,36,60,90.518,51
mx-a1e4-add-s0,4682930,s5014158,ResNet18,CIFAR10,100,layerwise,SGDm,Lion,1e-3,1e-4,1,1,-15:-2.3026,additive,na,0.06,0,100,100,93.07,92.84,99.44,0,node882,31,env,,0,24,26,29,92.769,3
p6-r0-s0,4683389,s5014158,ResNet18,CIFAR10,100,layerwise,SGDm,Lion,1e-3,1e-3,1,1,-15:-2.3026,additive,na,0,0,100,100,92.39,92.16,98.09,0,node886,31,env,,0,18,20,24,92.067,6
zad-r0_s0,4683233,s5014158,ResNet18,CIFAR10,100,layerwise,SGDm,Lion,1e-3,1e-6,1,1,-15:-2.3026,additive,na,0,0,100,100,92.44,92.37,97.73,0,node882,31,env,,0,34,38,42,92.122,5
ad-l-r005_s0,4681155,s5014158,ResNet18,CIFAR10,100,layerwise,SGDm,Lion,1e-3,1e-6,1,1,-15:-2.3026,additive,na,0.05,0,100,100,93.37,92.77,99.55,0,node880,30,env,,0,37,39,42,93.04,3
p4-ad-r03,4681091,s5014158,ResNet18,CIFAR10,100,layerwise,SGDm,Lion,1e-3,1e-6,1,1,-15:-2.3026,additive,na,0.3,0,20,20,62.11,62.11,59.32,0,node885,6,env,,0,,,,28.215,0
zrn-l-r1_s0,4682653,s5014158,ResNet18,CIFAR10,100,layerwise,SGDm,Lion,1e-3,1e-6,1,1,-15:-2.3026,zpool,na,1,0,100,100,91.24,91.06,99.62,0,node851,77,env,,0,28,37,52,90.836,50
mx-a1e3-add-s0,4682945,s5014158,ResNet18,CIFAR10,100,layerwise,SGDm,Lion,1e-3,1e-3,1,1,-15:-2.3026,additive,na,0.06,0,100,100,92.63,92.0,98.72,0,node868,37,env,,0,17,19,22,92.21,3
zad-r007_s0,4683232,s5014158,ResNet18,CIFAR10,100,layerwise,SGDm,Lion,1e-3,1e-6,1,1,-15:-2.3026,additive,na,0.07,0,100,100,93.36,92.96,99.82,0,node883,31,env,,0,34,39,41,93.183,3
zrn-l-r07_s1,4682655,s5014158,ResNet18,CIFAR10,100,layerwise,SGDm,Lion,1e-3,1e-6,1,1,-15:-2.3026,zpool,na,0.7,1,100,100,89.77,89.41,99.08,0,node851,76,env,,0,30,50,,89.313,25
ad-l-r007_s1,4681648,s5014158,ResNet18,CIFAR10,100,layerwise,SGDm,Lion,1e-3,1e-6,1,1,-15:-2.3026,additive,na,0.07,1,100,100,93.69,93.38,99.84,0,node885,31,env,,0,35,38,41,93.355,5
p6-r005-s1,4683394,s5014158,ResNet18,CIFAR10,100,layerwise,SGDm,Lion,1e-3,1e-3,1,1,-15:-2.3026,additive,na,0.05,1,100,100,92.47,92.05,98.65,0,node887,31,env,,0,18,20,22,92.122,4
p6-r006-s1,4683396,s5014158,ResNet18,CIFAR10,100,layerwise,SGDm,Lion,1e-3,1e-3,1,1,-15:-2.3026,additive,na,0.06,1,100,100,92.7,92.5,98.73,0,node883,31,env,,0,18,20,22,92.235,2
a0A-lplain-1e4_s1,4680912,s5014158,ResNet18,CIFAR10,100,layerwise,SGDm,Adam,1e-3,1e-4,1,1,-15:-2.3026,,na,na,1,100,100,91.2,90.78,99.8,0,node851,77,env,,0,15,25,40,90.839,67
p6-r03-s1,4683402,s5014158,ResNet18,CIFAR10,100,layerwise,SGDm,Lion,1e-3,1e-3,1,1,-15:-2.3026,additive,na,0.3,1,100,100,91.92,91.78,99.91,0,node885,31,env,,0,15,19,30,91.703,31
a0A-lsh01-1e3_s1,4680909,s5014158,ResNet18,CIFAR10,100,layerwise,SGDm,Adam,1e-3,1e-3,1,1,-15:-2.3026,shrink,0.1,na,1,100,100,92.31,91.84,97.93,0,node858,71,env,,0,12,13,17,91.881,18
zsx-l-r03_s1,4681827,s5014158,ResNet18,CIFAR10,100,layerwise,SGDm,Lion,1e-3,1e-6,1,1,-15:-2.3026,zpool,na,0.3,1,100,100,89.8,89.78,98.93,0,node859,72,env,,0,33,46,,89.504,25
zad-plain_s1,4683234,s5014158,ResNet18,CIFAR10,100,layerwise,SGDm,Lion,1e-3,1e-6,1,1,-15:-2.3026,,na,na,1,100,100,91.31,91.17,99.71,0,node880,31,env,,0,29,36,55,90.856,50
zrn-l-r095_s1,4682659,s5014158,ResNet18,CIFAR10,100,layerwise,SGDm,Lion,1e-3,1e-6,1,1,-15:-2.3026,zpool,na,0.95,1,100,100,90.86,90.23,99.44,0,node851,78,env,,0,29,40,64,90.352,48
p6-r0-s1,4683390,s5014158,ResNet18,CIFAR10,100,layerwise,SGDm,Lion,1e-3,1e-3,1,1,-15:-2.3026,additive,na,0,1,100,100,92.34,91.94,98.14,0,node851,77,env,,0,18,21,23,92.135,6
ad-l-r005_s1,4681157,s5014158,ResNet18,CIFAR10,100,layerwise,SGDm,Lion,1e-3,1e-6,1,1,-15:-2.3026,additive,na,0.05,1,100,100,93.46,93.13,99.54,0,node880,30,env,,0,35,40,41,93.176,2
zad-r1_s1,4683235,s5014158,ResNet18,CIFAR10,100,layerwise,SGDm,Lion,1e-3,1e-6,1,1,-15:-2.3026,additive,na,1,1,100,100,91.36,90.65,99.53,0,node883,31,env,,0,29,36,54,90.795,51
zrn-l-r09_s1,4682657,s5014158,ResNet18,CIFAR10,100,layerwise,SGDm,Lion,1e-3,1e-6,1,1,-15:-2.3026,zpool,na,0.9,1,100,100,90.69,90.2,99.53,0,node859,72,env,,0,29,40,73,90.344,46
ad-l-r0_s1,4681042,s5014158,ResNet18,CIFAR10,100,layerwise,SGDm,Lion,1e-3,1e-6,1,1,-15:-2.3026,additive,na,0,1,100,100,92.59,92.13,97.89,0,node886,31,env,,0,35,38,41,92.229,5
g4-sgdmAdam-layer_s1,4680747,s5014158,ResNet18,CIFAR10,100,layerwise,SGDm,Adam,1e-3,1e-6,1,1,-15:-2.3026,,na,na,1,100,100,90.86,90.55,99.75,0,node881,31,env,,0,15,26,60,90.289,61
zsx-l-r01_s1,4681825,s5014158,ResNet18,CIFAR10,100,layerwise,SGDm,Lion,1e-3,1e-6,1,1,-15:-2.3026,zpool,na,0.1,1,100,100,89.75,89.4,98.58,0,node859,72,env,,0,34,52,,89.363,24
a0A-lsh01-1e4_s1,4680913,s5014158,ResNet18,CIFAR10,100,layerwise,SGDm,Adam,1e-3,1e-4,1,1,-15:-2.3026,shrink,0.1,na,1,100,100,92.13,91.7,98.01,0,node851,76,env,,0,14,14,17,91.837,15
ad-l-r02_s1,4681158,s5014158,ResNet18,CIFAR10,100,layerwise,SGDm,Lion,1e-3,1e-6,1,1,-15:-2.3026,additive,na,0.2,1,100,100,91.9,91.75,99.67,0,node881,30,env,,0,32,36,43,91.544,23
p6-r003-s1,4683392,s5014158,ResNet18,CIFAR10,100,layerwise,SGDm,Lion,1e-3,1e-3,1,1,-15:-2.3026,additive,na,0.03,1,100,100,92.48,91.61,98.41,0,node887,32,env,,0,17,20,23,92.105,4
a0A-lplain-1e3_s1,4680908,s5014158,ResNet18,CIFAR10,100,layerwise,SGDm,Adam,1e-3,1e-3,1,1,-15:-2.3026,,na,na,1,100,100,91.63,91.54,99.88,0,node859,71,env,,0,12,20,36,91.26,49
mx-a1e3-layer-s1,4682947,s5014158,ResNet18,CIFAR10,100,layerwise,SGDm,Lion,1e-3,1e-3,1,1,-15:-2.3026,,na,na,1,100,100,91.69,91.16,99.91,0,node868,37,env,,0,15,23,38,91.249,44
zad-r007_s1,4683236,s5014158,ResNet18,CIFAR10,100,layerwise,SGDm,Lion,1e-3,1e-6,1,1,-15:-2.3026,additive,na,0.07,1,100,100,93.56,93.43,99.85,0,node880,31,env,,0,35,39,41,93.389,3
mx-a1e4-layer-s1,4682932,s5014158,ResNet18,CIFAR10,100,layerwise,SGDm,Lion,1e-3,1e-4,1,1,-15:-2.3026,,na,na,1,100,100,91.27,91.08,99.75,0,node866,41,env,,0,18,29,49,90.841,58
mx-a1e3-add-s1,4682948,s5014158,ResNet18,CIFAR10,100,layerwise,SGDm,Lion,1e-3,1e-3,1,1,-15:-2.3026,additive,na,0.06,1,100,100,92.41,91.71,98.82,0,node887,31,env,,0,18,20,22,92.053,1
p6-r1-s1,4683404,s5014158,ResNet18,CIFAR10,100,layerwise,SGDm,Lion,1e-3,1e-3,1,1,-15:-2.3026,additive,na,1,1,100,100,91.42,91.42,99.92,0,node887,31,env,,0,15,23,44,91.119,56
ad-l-r003_s1,4681043,s5014158,ResNet18,CIFAR10,100,layerwise,SGDm,Lion,1e-3,1e-6,1,1,-15:-2.3026,additive,na,0.03,1,100,100,93.13,92.74,98.91,0,node880,31,env,,0,36,39,40,92.858,2
p6-r01-s1,4683400,s5014158,ResNet18,CIFAR10,100,layerwise,SGDm,Lion,1e-3,1e-3,1,1,-15:-2.3026,additive,na,0.1,1,100,100,92.66,92.47,99.38,0,node851,77,env,,0,16,20,21,92.395,2
zad-r0_s1,4683237,s5014158,ResNet18,CIFAR10,100,layerwise,SGDm,Lion,1e-3,1e-6,1,1,-15:-2.3026,additive,na,0,1,100,100,92.47,92.47,97.81,0,node883,31,env,,0,35,38,41,92.284,5
mx-a1e4-add-s1,4682933,s5014158,ResNet18,CIFAR10,100,layerwise,SGDm,Lion,1e-3,1e-4,1,1,-15:-2.3026,additive,na,0.06,1,100,100,93.06,92.72,99.47,0,node880,30,env,,0,25,26,28,92.654,1
zsx-l-r0_s1,4681823,s5014158,ResNet18,CIFAR10,100,layerwise,SGDm,Lion,1e-3,1e-6,1,1,-15:-2.3026,zpool,na,0,1,100,100,87.96,87.95,93.97,0,node851,77,env,,0,34,,,87.705,0
ad-l-r03_s1,4681045,s5014158,ResNet18,CIFAR10,100,layerwise,SGDm,Lion,1e-3,1e-6,1,1,-15:-2.3026,additive,na,0.3,1,100,100,91.43,91.26,99.72,0,node886,30,env,,0,31,36,53,91.032,46
p6-r007-s1,4683398,s5014158,ResNet18,CIFAR10,100,layerwise,SGDm,Lion,1e-3,1e-3,1,1,-15:-2.3026,additive,na,0.07,1,100,100,92.41,92.19,99.1,0,node858,71,env,,0,17,20,22,92.173,2
ad-l-r01_s1,4681044,s5014158,ResNet18,CIFAR10,100,layerwise,SGDm,Lion,1e-3,1e-6,1,1,-15:-2.3026,additive,na,0.1,1,100,100,93.03,92.93,99.89,0,node880,30,env,,0,33,36,41,92.826,5
zad-plain_s2,4683238,s5014158,ResNet18,CIFAR10,100,layerwise,SGDm,Lion,1e-3,1e-6,1,1,-15:-2.3026,,na,na,2,100,100,91.33,91.25,99.57,0,node851,78,env,,0,28,35,58,90.977,46
mx-a1e3-layer-s2,4682950,s5014158,ResNet18,CIFAR10,100,layerwise,SGDm,Lion,1e-3,1e-3,1,1,-15:-2.3026,,na,na,2,100,100,91.5,91.36,99.91,0,node851,76,env,,0,14,24,39,91.236,49
mx-a1e4-layer-s2,4682935,s5014158,ResNet18,CIFAR10,100,layerwise,SGDm,Lion,1e-3,1e-4,1,1,-15:-2.3026,,na,na,2,100,100,91.17,91.09,99.74,0,node883,30,env,,0,20,26,46,90.895,59
mx-a1e3-add-s2,4682951,s5014158,ResNet18,CIFAR10,100,layerwise,SGDm,Lion,1e-3,1e-3,1,1,-15:-2.3026,additive,na,0.06,2,100,100,92.72,92.12,98.94,0,node883,31,env,,0,18,20,23,92.254,3
ad-l-r0_s2,4681161,s5014158,ResNet18,CIFAR10,100,layerwise,SGDm,Lion,1e-3,1e-6,1,1,-15:-2.3026,additive,na,0,2,100,100,92.5,92.43,97.78,0,node880,30,env,,0,36,38,42,92.15,8
ad-l-r005_s2,4681159,s5014158,ResNet18,CIFAR10,100,layerwise,SGDm,Lion,1e-3,1e-6,1,1,-15:-2.3026,additive,na,0.05,2,100,100,93.48,93.01,99.55,0,node885,30,env,,0,37,39,41,93.07,4
g4-sgdmAdam-layer_s2,4680752,s5014158,ResNet18,CIFAR10,100,layerwise,SGDm,Adam,1e-3,1e-6,1,1,-15:-2.3026,,na,na,2,100,100,90.74,90.28,99.7,0,node885,31,env,,0,15,27,59,90.331,62
ad-l-r007_s2,4681649,s5014158,ResNet18,CIFAR10,100,layerwise,SGDm,Lion,1e-3,1e-6,1,1,-15:-2.3026,additive,na,0.07,2,100,100,93.55,93.45,99.82,0,node880,30,env,,0,35,39,42,93.305,4
ad-l-r01_s2,4681150,s5014158,ResNet18,CIFAR10,100,layerwise,SGDm,Lion,1e-3,1e-6,1,1,-15:-2.3026,additive,na,0.1,2,100,100,92.91,92.88,99.86,0,node885,31,env,,0,32,38,40,92.673,5
mx-a1e4-add-s2,4682936,s5014158,ResNet18,CIFAR10,100,layerwise,SGDm,Lion,1e-3,1e-4,1,1,-15:-2.3026,additive,na,0.06,2,100,100,92.96,92.65,99.44,0,node880,30,env,,0,26,28,29,92.667,2
ad-l-r02_s2,4681160,s5014158,ResNet18,CIFAR10,100,layerwise,SGDm,Lion,1e-3,1e-6,1,1,-15:-2.3026,additive,na,0.2,2,100,100,91.63,91.63,99.64,0,node885,31,env,,0,32,36,46,91.269,35
zad-r0_s2,4683241,s5014158,ResNet18,CIFAR10,100,layerwise,SGDm,Lion,1e-3,1e-6,1,1,-15:-2.3026,additive,na,0,2,100,100,92.73,92.61,97.8,0,node858,71,env,,0,36,38,42,92.361,6
zad-r1_s2,4683239,s5014158,ResNet18,CIFAR10,100,layerwise,SGDm,Lion,1e-3,1e-6,1,1,-15:-2.3026,additive,na,1,2,100,100,91.39,91.12,99.67,0,node858,71,env,,0,28,36,56,90.877,47
zad-r007_s2,4683240,s5014158,ResNet18,CIFAR10,100,layerwise,SGDm,Lion,1e-3,1e-6,1,1,-15:-2.3026,additive,na,0.07,2,100,100,93.24,92.97,99.84,0,node851,78,env,,0,34,38,41,92.94,5
ad-l-r03_s2,4681162,s5014158,ResNet18,CIFAR10,100,layerwise,SGDm,Lion,1e-3,1e-6,1,1,-15:-2.3026,additive,na,0.3,2,100,100,91.3,91.3,99.67,0,node880,30,env,,0,30,36,58,90.874,48
ad-l-r003_s2,4681149,s5014158,ResNet18,CIFAR10,100,layerwise,SGDm,Lion,1e-3,1e-6,1,1,-15:-2.3026,additive,na,0.03,2,100,100,92.84,92.73,98.9,0,node881,30,env,,0,38,38,41,92.498,5
hs-l-lam01_s2,4680965,s5014158,ResNet18,CIFAR10,100,layerwise,SGDm,Lion,1e-3,1e-6,1,1,-15:-2.3026,shrink,0.1,na,2,100,100,92.5,92.35,97.76,0,node886,31,env,,0,36,38,41,92.201,7
mx-a1e4-layer-s3,4682938,s5014158,ResNet18,CIFAR10,100,layerwise,SGDm,Lion,1e-3,1e-4,1,1,-15:-2.3026,,na,na,3,100,100,91.23,91.14,99.78,0,node851,76,env,,0,20,29,50,90.868,55
ad-l-r003_s3,4681151,s5014158,ResNet18,CIFAR10,100,layerwise,SGDm,Lion,1e-3,1e-6,1,1,-15:-2.3026,additive,na,0.03,3,100,100,92.84,92.42,98.92,0,node885,30,env,,0,36,40,40,92.508,2
ad-l-r007_s3,4681790,s5014158,ResNet18,CIFAR10,100,layerwise,SGDm,Lion,1e-3,1e-6,1,1,-15:-2.3026,additive,na,0.07,3,100,100,93.29,93.22,99.84,0,node880,32,env,,0,34,38,41,93.088,3
mx-a1e3-layer-s3,4682953,s5014158,ResNet18,CIFAR10,100,layerwise,SGDm,Lion,1e-3,1e-3,1,1,-15:-2.3026,,na,na,3,100,100,91.43,91.43,99.86,0,node859,71,env,,0,16,25,41,91.111,46
mx-a1e4-add-s3,4682939,s5014158,ResNet18,CIFAR10,100,layerwise,SGDm,Lion,1e-3,1e-4,1,1,-15:-2.3026,additive,na,0.06,3,100,100,93.02,92.58,99.48,0,node859,75,env,,0,25,26,29,92.727,2
h2A-l-plain_s3,4680972,s5014158,ResNet18,CIFAR10,100,layerwise,SGDm,Adam,1e-3,1e-6,1,1,-15:-2.3026,,na,na,3,100,100,90.57,90.16,99.7,0,node886,30,env,,0,16,29,61,90.191,60
mx-a1e3-add-s3,4682954,s5014158,ResNet18,CIFAR10,100,layerwise,SGDm,Lion,1e-3,1e-3,1,1,-15:-2.3026,additive,na,0.06,3,100,100,92.45,91.95,98.84,0,node881,30,env,,0,17,20,21,91.953,7
h2A-l-L0p1_s3,4680970,s5014158,ResNet18,CIFAR10,100,layerwise,SGDm,Adam,1e-3,1e-6,1,1,-15:-2.3026,shrink,0.1,na,3,100,100,92.28,91.44,98.06,0,node881,30,env,,0,16,17,21,91.837,18
h2-base_s3,4680968,s5014158,ResNet18,CIFAR10,100,layerwise,SGDm,Lion,1e-3,1e-6,1,1,-15:-2.3026,,na,na,3,100,100,90.74,90.46,99.59,0,node887,31,env,,0,30,40,55,90.419,53
ad-l-r005_s3,4681645,s5014158,ResNet18,CIFAR10,100,layerwise,SGDm,Lion,1e-3,1e-6,1,1,-15:-2.3026,additive,na,0.05,3,100,100,93.47,93.02,99.63,0,node886,31,env,,0,36,39,42,92.958,3
ad-l-r01_s3,4681152,s5014158,ResNet18,CIFAR10,100,layerwise,SGDm,Lion,1e-3,1e-6,1,1,-15:-2.3026,additive,na,0.1,3,100,100,92.8,92.48,99.89,0,node881,31,env,,0,32,37,39,92.543,4
hs-l-lam01_s3,4680966,s5014158,ResNet18,CIFAR10,100,layerwise,SGDm,Lion,1e-3,1e-6,1,1,-15:-2.3026,shrink,0.1,na,3,100,100,92.65,92.11,97.79,0,node885,31,env,,0,36,39,41,92.349,5
mx-a1e3-layer-s4,4682956,s5014158,ResNet18,CIFAR10,100,layerwise,SGDm,Lion,1e-3,1e-3,1,1,-15:-2.3026,,na,na,4,100,100,91.03,90.92,99.87,0,node851,77,env,,0,15,25,37,90.713,67
mx-a1e4-layer-s4,4682941,s5014158,ResNet18,CIFAR10,100,layerwise,SGDm,Lion,1e-3,1e-4,1,1,-15:-2.3026,,na,na,4,100,100,90.79,90.69,99.82,0,node880,30,env,,0,20,29,57,90.462,57
ad-l-r003_s4,4681153,s5014158,ResNet18,CIFAR10,100,layerwise,SGDm,Lion,1e-3,1e-6,1,1,-15:-2.3026,additive,na,0.03,4,100,100,93.12,92.59,98.95,0,node880,31,env,,0,35,39,41,92.765,4
hs-l-lam01_s4,4680967,s5014158,ResNet18,CIFAR10,100,layerwise,SGDm,Lion,1e-3,1e-6,1,1,-15:-2.3026,shrink,0.1,na,4,100,100,92.57,92.03,97.64,0,node887,31,env,,0,35,38,42,92.296,7
ad-l-r01_s4,4681154,s5014158,ResNet18,CIFAR10,100,layerwise,SGDm,Lion,1e-3,1e-6,1,1,-15:-2.3026,additive,na,0.1,4,100,100,92.56,92.31,99.88,0,node882,31,env,,0,34,38,42,92.296,8
mx-a1e3-add-s4,4682957,s5014158,ResNet18,CIFAR10,100,layerwise,SGDm,Lion,1e-3,1e-3,1,1,-15:-2.3026,additive,na,0.06,4,100,100,92.57,92.16,98.58,0,node858,71,env,,0,19,19,22,92.127,4
h2-base_s4,4680969,s5014158,ResNet18,CIFAR10,100,layerwise,SGDm,Lion,1e-3,1e-6,1,1,-15:-2.3026,,na,na,4,100,100,91.04,90.62,99.66,0,node882,31,env,,0,31,34,63,90.465,48
mx-a1e4-add-s4,4682942,s5014158,ResNet18,CIFAR10,100,layerwise,SGDm,Lion,1e-3,1e-4,1,1,-15:-2.3026,additive,na,0.06,4,100,100,93.07,92.67,99.47,0,node868,38,env,,0,25,27,29,92.783,1
h2A-l-L0p1_s4,4680971,s5014158,ResNet18,CIFAR10,100,layerwise,SGDm,Adam,1e-3,1e-6,1,1,-15:-2.3026,shrink,0.1,na,4,100,100,92.47,92.19,97.84,0,node881,30,env,,0,15,16,18,92.175,15
h2A-l-plain_s4,4680973,s5014158,ResNet18,CIFAR10,100,layerwise,SGDm,Adam,1e-3,1e-6,1,1,-15:-2.3026,,na,na,4,100,100,90.77,90.6,99.79,0,node881,30,env,,0,15,28,67,90.191,59
ad-l-r005_s4,4681646,s5014158,ResNet18,CIFAR10,100,layerwise,SGDm,Lion,1e-3,1e-6,1,1,-15:-2.3026,additive,na,0.05,4,100,100,93.51,92.9,99.61,0,node881,30,env,,0,35,39,42,93.188,5
ad-l-r007_s4,4681791,s5014158,ResNet18,CIFAR10,100,layerwise,SGDm,Lion,1e-3,1e-6,1,1,-15:-2.3026,additive,na,0.07,4,100,100,93.36,93.01,99.88,0,node885,31,env,,0,35,39,42,93.051,6
gp-node-r0-s0,4685191,s5014158,ResNet18,CIFAR10,100,nodewise,SGDm,Lion,1e-3,1e-6,1,1,-15:-2.3026,additive,na,0,0,100,100,92.52,92.52,97.5,0,node851,93,env,,0,50,60,64,91.984,13
gp-node-r006-s0,4685197,s5014158,ResNet18,CIFAR10,100,nodewise,SGDm,Lion,1e-3,1e-6,1,1,-15:-2.3026,additive,na,0.06,0,100,100,93.34,93.3,99.55,0,node881,45,env,,0,50,53,63,92.752,8
p2-node-L1p0,4681050,s5014158,ResNet18,CIFAR10,100,nodewise,SGDm,Lion,1e-3,1e-6,1,1,-15:-2.3026,shrink,1.0,na,0,20,20,33.03,33.03,31.56,0,node887,9,env,,0,,,,18.766,0
gp-node-r02-s0,4685203,s5014158,ResNet18,CIFAR10,100,nodewise,SGDm,Lion,1e-3,1e-6,1,1,-15:-2.3026,additive,na,0.2,0,100,100,92.41,92.4,99.73,0,node858,88,env,,0,43,51,57,92.006,23
gp-node-r003-s0,4685194,s5014158,ResNet18,CIFAR10,100,nodewise,SGDm,Lion,1e-3,1e-6,1,1,-15:-2.3026,additive,na,0.03,0,100,100,93.14,92.63,98.32,0,node885,45,env,,0,52,56,64,92.67,8
gp-node-r1-s0,4685206,s5014158,ResNet18,CIFAR10,100,nodewise,SGDm,Lion,1e-3,1e-6,1,1,-15:-2.3026,additive,na,1,0,100,100,92.17,91.95,99.85,0,node887,44,env,,0,30,35,44,91.883,16
gp-node-r01-s0,4685200,s5014158,ResNet18,CIFAR10,100,nodewise,SGDm,Lion,1e-3,1e-6,1,1,-15:-2.3026,additive,na,0.1,0,100,100,93.14,93.13,99.77,0,node851,93,env,,0,49,56,57,92.631,14
gp-node-r0-s1,4685192,s5014158,ResNet18,CIFAR10,100,nodewise,SGDm,Lion,1e-3,1e-6,1,1,-15:-2.3026,additive,na,0,1,100,100,92.72,92.05,97.4,0,node859,87,env,,0,48,58,69,92.086,14
gp-node-r003-s1,4685195,s5014158,ResNet18,CIFAR10,100,nodewise,SGDm,Lion,1e-3,1e-6,1,1,-15:-2.3026,additive,na,0.03,1,100,100,93.07,92.93,98.45,0,node887,44,env,,0,49,56,62,92.581,10
gp-node-r01-s1,4685201,s5014158,ResNet18,CIFAR10,100,nodewise,SGDm,Lion,1e-3,1e-6,1,1,-15:-2.3026,additive,na,0.1,1,100,100,93.36,93.25,99.76,0,node887,44,env,,0,46,55,61,92.777,11
gp-node-r1-s1,4685207,s5014158,ResNet18,CIFAR10,100,nodewise,SGDm,Lion,1e-3,1e-6,1,1,-15:-2.3026,additive,na,1,1,100,100,91.81,91.59,99.67,0,node887,44,env,,0,30,36,47,91.549,26
gp-node-r02-s1,4685204,s5014158,ResNet18,CIFAR10,100,nodewise,SGDm,Lion,1e-3,1e-6,1,1,-15:-2.3026,additive,na,0.2,1,100,100,92.46,92.33,99.59,0,node859,87,env,,0,43,52,61,91.921,14
gp-node-r006-s1,4685198,s5014158,ResNet18,CIFAR10,100,nodewise,SGDm,Lion,1e-3,1e-6,1,1,-15:-2.3026,additive,na,0.06,1,100,100,93.36,93.36,99.48,0,node858,87,env,,0,46,53,61,92.848,8
gp-node-r006-s2,4685199,s5014158,ResNet18,CIFAR10,100,nodewise,SGDm,Lion,1e-3,1e-6,1,1,-15:-2.3026,additive,na,0.06,2,100,100,93.41,92.89,99.47,0,node858,87,env,,0,49,56,64,92.791,9
gp-node-r003-s2,4685196,s5014158,ResNet18,CIFAR10,100,nodewise,SGDm,Lion,1e-3,1e-6,1,1,-15:-2.3026,additive,na,0.03,2,100,100,93.05,92.51,98.36,0,node887,44,env,,0,52,58,64,92.492,12
gp-node-r01-s2,4685202,s5014158,ResNet18,CIFAR10,100,nodewise,SGDm,Lion,1e-3,1e-6,1,1,-15:-2.3026,additive,na,0.1,2,100,100,92.97,92.74,99.66,0,node858,88,env,,0,49,58,61,92.411,12
gp-node-r0-s2,4685193,s5014158,ResNet18,CIFAR10,100,nodewise,SGDm,Lion,1e-3,1e-6,1,1,-15:-2.3026,additive,na,0,2,100,100,92.59,92.18,97.68,0,node858,87,env,,0,50,60,69,91.881,12
gp-node-r02-s2,4685205,s5014158,ResNet18,CIFAR10,100,nodewise,SGDm,Lion,1e-3,1e-6,1,1,-15:-2.3026,additive,na,0.2,2,100,100,92.39,92.27,99.59,0,node885,45,env,,0,45,53,60,91.818,18
gp-node-r1-s2,4685208,s5014158,ResNet18,CIFAR10,100,nodewise,SGDm,Lion,1e-3,1e-6,1,1,-15:-2.3026,additive,na,1,2,100,100,91.81,91.8,99.78,0,node851,93,env,,0,30,36,47,91.538,29
a0A-blk6-1e6_s0,4680915,s5014158,ResNet18,CIFAR10,100,resnet18_blocks,SGDm,Adam,1e-3,1e-6,1,1,-15:-2.3026,,na,na,0,100,100,91.3,90.92,99.04,0,node851,85,env,,0,15,20,31,90.916,75
gp-blk6-r0-s0,4685227,s5014158,ResNet18,CIFAR10,100,resnet18_blocks,SGDm,Lion,1e-3,1e-6,1,1,-15:-2.3026,additive,na,0,0,100,100,92.04,91.77,99.39,0,node858,84,env,,0,31,41,49,91.655,18
a0A-blk6-1e4_s0,4680903,s5014158,ResNet18,CIFAR10,100,resnet18_blocks,SGDm,Adam,1e-3,1e-4,1,1,-15:-2.3026,,na,na,0,100,100,91.42,91.22,99.16,0,node851,85,env,,0,13,19,29,91.216,44
g4-sgdmLion-blk6_s0,4680739,s5014158,ResNet18,CIFAR10,100,resnet18_blocks,SGDm,Lion,1e-3,1e-6,1,1,-15:-2.3026,,na,na,0,100,100,91.82,91.73,99.06,0,node851,85,env,,0,29,35,42,91.528,21
gp-blk6-r02-s0,4685233,s5014158,ResNet18,CIFAR10,100,resnet18_blocks,SGDm,Lion,1e-3,1e-6,1,1,-15:-2.3026,additive,na,0.2,0,100,100,91.6,91.58,99.37,0,node858,85,env,,0,31,38,48,91.439,19
gp-blk6-r1-s0,4685236,s5014158,ResNet18,CIFAR10,100,resnet18_blocks,SGDm,Lion,1e-3,1e-6,1,1,-15:-2.3026,additive,na,1,0,92,100,91.92,91.77,98.85,0,node859,,env,,0,30,36,44,91.608,16
p2-blk6-L1p0,4681048,s5014158,ResNet18,CIFAR10,100,resnet18_blocks,SGDm,Lion,1e-3,1e-6,1,1,-15:-2.3026,shrink,1.0,na,0,20,20,68.45,68.45,66.63,0,node881,8,env,,0,,,,31.783,0
a0A-blk6-1e3_s0,4680899,s5014158,ResNet18,CIFAR10,100,resnet18_blocks,SGDm,Adam,1e-3,1e-3,1,1,-15:-2.3026,,na,na,0,100,100,91.5,91.21,99.1,0,node851,84,env,,0,14,18,30,91.265,44
g4-sgdmAdam-blk6_s0,4680741,s5014158,ResNet18,CIFAR10,100,resnet18_blocks,SGDm,Adam,1e-3,1e-6,1,1,-15:-2.3026,,na,na,0,100,100,91.06,90.83,99.05,0,node885,42,env,,0,15,19,33,90.786,76
gp-blk6-r006-s0,4685230,s5014158,ResNet18,CIFAR10,100,resnet18_blocks,SGDm,Lion,1e-3,1e-6,1,1,-15:-2.3026,additive,na,0.06,0,100,100,91.84,91.46,99.44,0,node859,84,env,,0,32,38,50,91.49,24
gp-blk6-r1-s1,4685237,s5014158,ResNet18,CIFAR10,100,resnet18_blocks,SGDm,Lion,1e-3,1e-6,1,1,-15:-2.3026,additive,na,1,1,100,100,91.38,91.01,99.02,0,node883,41,env,,0,30,36,43,91.12,39
g4-sgdmAdam-blk6_s1,4680746,s5014158,ResNet18,CIFAR10,100,resnet18_blocks,SGDm,Adam,1e-3,1e-6,1,1,-15:-2.3026,,na,na,1,100,100,90.82,90.66,99.11,0,node880,42,env,,0,16,21,41,90.519,72
a0A-blk6-1e4_s1,4680911,s5014158,ResNet18,CIFAR10,100,resnet18_blocks,SGDm,Adam,1e-3,1e-4,1,1,-15:-2.3026,,na,na,1,100,100,91.24,91.02,99.35,0,node858,84,env,,0,15,21,31,90.958,65
gp-blk6-r006-s1,4685231,s5014158,ResNet18,CIFAR10,100,resnet18_blocks,SGDm,Lion,1e-3,1e-6,1,1,-15:-2.3026,additive,na,0.06,1,100,100,92.03,91.99,99.53,0,node882,42,env,,0,31,40,50,91.74,17
a0A-blk6-1e3_s1,4680907,s5014158,ResNet18,CIFAR10,100,resnet18_blocks,SGDm,Adam,1e-3,1e-3,1,1,-15:-2.3026,,na,na,1,100,100,91.22,90.94,99.28,0,node851,85,env,,0,15,20,30,90.993,69
gp-blk6-r02-s1,4685234,s5014158,ResNet18,CIFAR10,100,resnet18_blocks,SGDm,Lion,1e-3,1e-6,1,1,-15:-2.3026,additive,na,0.2,1,100,100,91.68,91.5,99.45,0,node858,85,env,,0,30,39,47,91.508,20
gp-blk6-r0-s1,4685228,s5014158,ResNet18,CIFAR10,100,resnet18_blocks,SGDm,Lion,1e-3,1e-6,1,1,-15:-2.3026,additive,na,0,1,100,100,92.1,91.91,99.38,0,node883,41,env,,0,30,41,50,91.797,19
g4-sgdmLion-blk6_s1,4680744,s5014158,ResNet18,CIFAR10,100,resnet18_blocks,SGDm,Lion,1e-3,1e-6,1,1,-15:-2.3026,,na,na,1,100,100,91.53,91.18,99.05,0,node851,88,env,,0,30,36,45,91.22,33
gp-blk6-r02-s2,4685235,s5014158,ResNet18,CIFAR10,100,resnet18_blocks,SGDm,Lion,1e-3,1e-6,1,1,-15:-2.3026,additive,na,0.2,2,100,100,91.8,91.62,99.39,0,node881,42,env,,0,30,39,52,91.515,18
gp-blk6-r006-s2,4685232,s5014158,ResNet18,CIFAR10,100,resnet18_blocks,SGDm,Lion,1e-3,1e-6,1,1,-15:-2.3026,additive,na,0.06,2,100,100,91.68,91.68,99.42,0,node851,85,env,,0,32,39,46,91.273,32
gp-blk6-r0-s2,4685229,s5014158,ResNet18,CIFAR10,100,resnet18_blocks,SGDm,Lion,1e-3,1e-6,1,1,-15:-2.3026,additive,na,0,2,100,100,92.06,92.06,99.38,0,node881,42,env,,0,32,41,49,91.737,21
g4-sgdmAdam-blk6_s2,4680751,s5014158,ResNet18,CIFAR10,100,resnet18_blocks,SGDm,Adam,1e-3,1e-6,1,1,-15:-2.3026,,na,na,2,100,100,90.95,90.95,99.13,0,node882,42,env,,0,15,21,52,90.624,74
gp-blk6-r1-s2,4685238,s5014158,ResNet18,CIFAR10,100,resnet18_blocks,SGDm,Lion,1e-3,1e-6,1,1,-15:-2.3026,additive,na,1,2,100,100,91.68,91.68,99.12,0,node885,42,env,,0,30,38,45,91.355,31
g4-sgdmLion-blk6_s2,4680749,s5014158,ResNet18,CIFAR10,100,resnet18_blocks,SGDm,Lion,1e-3,1e-6,1,1,-15:-2.3026,,na,na,2,100,100,91.56,91.35,99.16,0,node851,85,env,,0,30,38,45,91.136,34
a0A-scal-1e6_s0,4680914,s5014158,ResNet18,CIFAR10,100,scalar,SGDm,Adam,1e-3,1e-6,1,1,-15:-2.3026,,na,na,0,100,100,88.46,88.04,94.12,0,node851,91,env,,0,24,68,,88.233,0
g4-sgdmLion-scal_s0,4680738,s5014158,ResNet18,CIFAR10,100,scalar,SGDm,Lion,1e-3,1e-6,1,1,-15:-2.3026,,na,na,0,100,100,88.0,87.67,93.54,0,node859,93,env,,0,39,96,,87.657,0
z3-ref-scalar,4681223,s5014158,ResNet18,CIFAR10,100,scalar,SGDm,Lion,1e-3,1e-3,1,1,-15:-2.3026,,na,na,0,20,20,84.08,83.95,86.0,0,node859,18,env,,0,,,,71.977,0
p2-scal,4681047,s5014158,ResNet18,CIFAR10,100,scalar,SGDm,Lion,1e-3,1e-6,1,1,-15:-2.3026,,na,na,0,20,20,70.73,70.73,70.31,0,node880,8,env,,0,,,,32.475,0
a0A-scal-1e4_s0,4680902,s5014158,ResNet18,CIFAR10,100,scalar,SGDm,Adam,1e-3,1e-4,1,1,-15:-2.3026,,na,na,0,100,100,88.15,88.15,94.0,0,node851,91,env,,0,24,94,,87.897,0
g4-sgdmAdam-scal_s0,4680740,s5014158,ResNet18,CIFAR10,100,scalar,SGDm,Adam,1e-3,1e-6,1,1,-15:-2.3026,,na,na,0,100,100,88.12,87.62,94.18,0,node886,42,env,,0,23,69,,87.882,0
mx-a1e3-scal-s0,4682943,s5014158,ResNet18,CIFAR10,100,scalar,SGDm,Lion,1e-3,1e-3,1,1,-15:-2.3026,,na,na,0,100,100,87.8,87.66,93.8,0,node866,47,env,,0,24,,,87.635,0
mx-a1e4-scal-s0,4682928,s5014158,ResNet18,CIFAR10,100,scalar,SGDm,Lion,1e-3,1e-4,1,1,-15:-2.3026,,na,na,0,100,100,87.68,87.59,93.79,0,node880,42,env,,0,28,,,87.546,0
a0A-scal-1e3_s0,4680898,s5014158,ResNet18,CIFAR10,100,scalar,SGDm,Adam,1e-3,1e-3,1,1,-15:-2.3026,,na,na,0,100,100,88.24,88.08,93.79,0,node859,92,env,,0,24,83,,87.974,0
a0A-scal-1e3_s1,4680906,s5014158,ResNet18,CIFAR10,100,scalar,SGDm,Adam,1e-3,1e-3,1,1,-15:-2.3026,,na,na,1,100,100,87.88,87.68,94.21,0,node859,93,env,,0,26,,,87.632,0
mx-a1e4-scal-s1,4682931,s5014158,ResNet18,CIFAR10,100,scalar,SGDm,Lion,1e-3,1e-4,1,1,-15:-2.3026,,na,na,1,100,100,88.0,87.73,94.25,0,node882,42,env,,0,26,93,,87.759,0
a0A-scal-1e4_s1,4680910,s5014158,ResNet18,CIFAR10,100,scalar,SGDm,Adam,1e-3,1e-4,1,1,-15:-2.3026,,na,na,1,100,100,87.94,87.9,94.14,0,node858,91,env,,0,25,,,87.654,0
g4-sgdmAdam-scal_s1,4680745,s5014158,ResNet18,CIFAR10,100,scalar,SGDm,Adam,1e-3,1e-6,1,1,-15:-2.3026,,na,na,1,100,100,20.89,20.89,20.38,0,node885,42,env,,0,,,,20.47,0
mx-a1e3-scal-s1,4682946,s5014158,ResNet18,CIFAR10,100,scalar,SGDm,Lion,1e-3,1e-3,1,1,-15:-2.3026,,na,na,1,100,100,88.15,88.07,94.19,0,node866,50,env,,0,23,86,,87.869,0
g4-sgdmLion-scal_s1,4680743,s5014158,ResNet18,CIFAR10,100,scalar,SGDm,Lion,1e-3,1e-6,1,1,-15:-2.3026,,na,na,1,100,100,88.05,88.05,94.02,0,node851,91,env,,0,36,100,,87.758,0
mx-a1e4-scal-s2,4682934,s5014158,ResNet18,CIFAR10,100,scalar,SGDm,Lion,1e-3,1e-4,1,1,-15:-2.3026,,na,na,2,100,100,88.12,88.04,94.26,0,node883,42,env,,0,27,79,,87.944,0
mx-a1e3-scal-s2,4682949,s5014158,ResNet18,CIFAR10,100,scalar,SGDm,Lion,1e-3,1e-3,1,1,-15:-2.3026,,na,na,2,100,100,87.82,87.74,93.91,0,node881,42,env,,0,26,,,87.632,0
g4-sgdmLion-scal_s2,4680748,s5014158,ResNet18,CIFAR10,100,scalar,SGDm,Lion,1e-3,1e-6,1,1,-15:-2.3026,,na,na,2,100,100,88.46,87.94,93.79,0,node851,91,env,,0,37,75,,88.027,0
g4-sgdmAdam-scal_s2,4680750,s5014158,ResNet18,CIFAR10,100,scalar,SGDm,Adam,1e-3,1e-6,1,1,-15:-2.3026,,na,na,2,100,100,86.78,86.78,91.22,0,node882,42,env,,0,78,,,86.017,0
mx-a1e4-scal-s3,4682937,s5014158,ResNet18,CIFAR10,100,scalar,SGDm,Lion,1e-3,1e-4,1,1,-15:-2.3026,,na,na,3,100,100,87.46,87.43,93.61,0,node882,42,env,,0,28,,,87.179,0
mx-a1e3-scal-s3,4682952,s5014158,ResNet18,CIFAR10,100,scalar,SGDm,Lion,1e-3,1e-3,1,1,-15:-2.3026,,na,na,3,100,100,87.61,87.4,94.14,0,node859,93,env,,0,30,,,87.284,0
mx-a1e4-scal-s4,4682940,s5014158,ResNet18,CIFAR10,100,scalar,SGDm,Lion,1e-3,1e-4,1,1,-15:-2.3026,,na,na,4,100,100,87.96,87.73,93.96,0,node851,90,env,,0,32,,,87.599,0
mx-a1e3-scal-s4,4682955,s5014158,ResNet18,CIFAR10,100,scalar,SGDm,Lion,1e-3,1e-3,1,1,-15:-2.3026,,na,na,4,100,100,87.8,87.5,93.88,0,node851,93,env,,0,30,,,87.465,0
zsx-w-r05_s0,4681816,s5014158,ResNet18,CIFAR10,100,weightwise,SGDm,Lion,1e-3,1e-6,1,1,-15:-2.3026,zpool,na,0.5,0,100,100,88.2,87.66,94.1,0,node851,89,env,,0,39,92,,87.704,0
zsx-w-r1_s0,4681820,s5014158,ResNet18,CIFAR10,100,weightwise,SGDm,Lion,1e-3,1e-6,1,1,-15:-2.3026,zpool,na,1,0,100,100,79.66,79.66,82.13,0,node851,87,env,,0,,,,78.063,0
p2-w-L1p0,4681051,s5014158,ResNet18,CIFAR10,100,weightwise,SGDm,Lion,1e-3,1e-6,1,1,-15:-2.3026,shrink,1.0,na,0,20,20,14.8,14.8,15.5,0,node887,9,env,,0,,,,13.61,0
zsx-w-r03_s0,4681814,s5014158,ResNet18,CIFAR10,100,weightwise,SGDm,Lion,1e-3,1e-6,1,1,-15:-2.3026,zpool,na,0.3,0,100,100,88.07,87.92,93.96,0,node851,94,env,,0,39,92,,87.854,0
zsx-w-r0_s0,4681810,s5014158,ResNet18,CIFAR10,100,weightwise,SGDm,Lion,1e-3,1e-6,1,1,-15:-2.3026,zpool,na,0,0,100,100,88.04,87.93,93.55,0,node851,89,env,,0,39,92,,87.794,0
zsx-w-r01_s0,4681812,s5014158,ResNet18,CIFAR10,100,weightwise,SGDm,Lion,1e-3,1e-6,1,1,-15:-2.3026,zpool,na,0.1,0,100,100,88.38,87.86,93.64,0,node859,88,env,,0,37,78,,87.921,0
zsx-w-r07_s0,4681818,s5014158,ResNet18,CIFAR10,100,weightwise,SGDm,Lion,1e-3,1e-6,1,1,-15:-2.3026,zpool,na,0.7,0,100,100,88.72,88.19,94.81,0,node859,87,env,,0,38,71,,88.281,0
gp-w-r0-s0,4685209,s5014158,ResNet18,CIFAR10,100,weightwise,SGDm,Lion,1e-3,1e-6,1,1,-15:-2.3026,additive,na,0,0,100,100,46.41,46.41,45.12,0,node887,47,env,,0,,,,42.619,0
zrn-w-r07_s0,4682644,s5014158,ResNet18,CIFAR10,100,weightwise,SGDm,Lion,1e-3,1e-6,1,1,-15:-2.3026,zpool,na,0.7,0,100,100,88.53,88.11,94.64,0,node851,90,env,,0,39,78,,88.114,0
z3-w-r0,4681228,s5014158,ResNet18,CIFAR10,100,weightwise,SGDm,Lion,1e-3,1e-3,1,1,-15:-2.3026,zpool,na,0,0,20,20,84.32,84.32,86.1,0,node851,18,env,,0,,,,71.984,0
zrn-w-r1_s0,4682652,s5014158,ResNet18,CIFAR10,100,weightwise,SGDm,Lion,1e-3,1e-6,1,1,-15:-2.3026,zpool,na,1,0,100,100,79.71,79.71,82.09,0,node858,82,env,,0,,,,78.079,0
zrn-w-r095_s0,4682648,s5014158,ResNet18,CIFAR10,100,weightwise,SGDm,Lion,1e-3,1e-6,1,1,-15:-2.3026,zpool,na,0.95,0,100,100,89.26,88.79,97.11,0,node859,87,env,,0,36,55,,88.806,7
z3-ref-weight,4681225,s5014158,ResNet18,CIFAR10,100,weightwise,SGDm,Lion,1e-3,1e-3,1,1,-15:-2.3026,,na,na,0,20,20,83.34,82.8,85.1,0,node859,16,env,,0,,,,68.542,0
gp-w-r003-s0,4685212,s5014158,ResNet18,CIFAR10,100,weightwise,SGDm,Lion,1e-3,1e-6,1,1,-15:-2.3026,additive,na,0.03,0,100,100,45.9,45.9,44.91,0,node887,47,env,,0,,,,43.409,0
gp-w-r1-s0,4685224,s5014158,ResNet18,CIFAR10,100,weightwise,SGDm,Lion,1e-3,1e-6,1,1,-15:-2.3026,additive,na,1,0,100,100,79.55,79.55,82.18,0,node851,92,env,,0,,,,78.063,0
zrn-w-r099_s0,4682650,s5014158,ResNet18,CIFAR10,100,weightwise,SGDm,Lion,1e-3,1e-6,1,1,-15:-2.3026,zpool,na,0.99,0,100,100,89.26,89.02,96.37,0,node858,86,env,,0,38,50,,88.827,7
gp-w-r02-s0,4685221,s5014158,ResNet18,CIFAR10,100,weightwise,SGDm,Lion,1e-3,1e-6,1,1,-15:-2.3026,additive,na,0.2,0,100,100,60.16,60.14,59.52,0,node881,48,env,,0,,,,57.21,0
zrn-w-r09_s0,4682646,s5014158,ResNet18,CIFAR10,100,weightwise,SGDm,Lion,1e-3,1e-6,1,1,-15:-2.3026,zpool,na,0.9,0,100,100,88.97,88.39,96.44,0,node858,87,env,,0,34,63,,88.584,0
gp-w-r006-s0,4685215,s5014158,ResNet18,CIFAR10,100,weightwise,SGDm,Lion,1e-3,1e-6,1,1,-15:-2.3026,additive,na,0.06,0,100,100,47.69,47.69,46.23,0,node859,86,env,,0,,,,44.968,0
gp-w-r01-s0,4685218,s5014158,ResNet18,CIFAR10,100,weightwise,SGDm,Lion,1e-3,1e-6,1,1,-15:-2.3026,additive,na,0.1,0,100,100,49.83,49.83,48.92,0,node858,87,env,,0,,,,47.366,0
z3-w-r1,4681229,s5014158,ResNet18,CIFAR10,100,weightwise,SGDm,Lion,1e-3,1e-3,1,1,-15:-2.3026,zpool,na,1,0,20,20,83.34,83.34,85.15,0,node851,17,env,,0,,,,68.669,0
zrn-w-r095_s1,4682658,s5014158,ResNet18,CIFAR10,100,weightwise,SGDm,Lion,1e-3,1e-6,1,1,-15:-2.3026,zpool,na,0.95,1,100,100,89.33,88.8,97.48,0,node851,90,env,,0,35,61,,88.791,5
gp-w-r003-s1,4685213,s5014158,ResNet18,CIFAR10,100,weightwise,SGDm,Lion,1e-3,1e-6,1,1,-15:-2.3026,additive,na,0.03,1,100,100,49.82,49.82,48.19,0,node887,47,env,,0,,,,46.951,0
gp-w-r1-s1,4685225,s5014158,ResNet18,CIFAR10,100,weightwise,SGDm,Lion,1e-3,1e-6,1,1,-15:-2.3026,additive,na,1,1,100,100,79.5,79.29,82.48,0,node881,47,env,,0,,,,78.029,0
zrn-w-r09_s1,4682656,s5014158,ResNet18,CIFAR10,100,weightwise,SGDm,Lion,1e-3,1e-6,1,1,-15:-2.3026,zpool,na,0.9,1,100,100,89.02,88.31,96.39,0,node859,86,env,,0,34,71,,88.436,1
zsx-w-r01_s1,4681824,s5014158,ResNet18,CIFAR10,100,weightwise,SGDm,Lion,1e-3,1e-6,1,1,-15:-2.3026,zpool,na,0.1,1,100,100,88.08,88.05,94.04,0,node858,86,env,,0,34,84,,87.839,0
gp-w-r01-s1,4685219,s5014158,ResNet18,CIFAR10,100,weightwise,SGDm,Lion,1e-3,1e-6,1,1,-15:-2.3026,additive,na,0.1,1,100,100,52.74,52.74,51.23,0,node858,87,env,,0,,,,50.081,0
zsx-w-r03_s1,4681826,s5014158,ResNet18,CIFAR10,100,weightwise,SGDm,Lion,1e-3,1e-6,1,1,-15:-2.3026,zpool,na,0.3,1,100,100,88.39,88.39,94.22,0,node858,86,env,,0,34,78,,88.035,0
zsx-w-r0_s1,4681822,s5014158,ResNet18,CIFAR10,100,weightwise,SGDm,Lion,1e-3,1e-6,1,1,-15:-2.3026,zpool,na,0,1,100,100,88.13,88.11,93.95,0,node851,89,env,,0,35,96,,87.756,0
zrn-w-r099_s1,4682660,s5014158,ResNet18,CIFAR10,100,weightwise,SGDm,Lion,1e-3,1e-6,1,1,-15:-2.3026,zpool,na,0.99,1,100,100,89.67,89.67,97.1,0,node858,86,env,,0,35,49,,89.277,23
gp-w-r006-s1,4685216,s5014158,ResNet18,CIFAR10,100,weightwise,SGDm,Lion,1e-3,1e-6,1,1,-15:-2.3026,additive,na,0.06,1,100,100,50.45,50.45,48.85,0,node851,92,env,,0,,,,47.82,0
gp-w-r0-s1,4685210,s5014158,ResNet18,CIFAR10,100,weightwise,SGDm,Lion,1e-3,1e-6,1,1,-15:-2.3026,additive,na,0,1,100,100,51.67,51.67,50.72,0,node851,91,env,,0,,,,47.781,0
zrn-w-r07_s1,4682654,s5014158,ResNet18,CIFAR10,100,weightwise,SGDm,Lion,1e-3,1e-6,1,1,-15:-2.3026,zpool,na,0.7,1,100,100,88.41,88.14,95.04,0,node858,86,env,,0,34,78,,87.929,0
gp-w-r02-s1,4685222,s5014158,ResNet18,CIFAR10,100,weightwise,SGDm,Lion,1e-3,1e-6,1,1,-15:-2.3026,additive,na,0.2,1,100,100,60.79,60.79,59.81,0,node883,47,env,,0,,,,58.123,0
gp-w-r01-s2,4685220,s5014158,ResNet18,CIFAR10,100,weightwise,SGDm,Lion,1e-3,1e-6,1,1,-15:-2.3026,additive,na,0.1,2,100,100,51.02,51.02,49.96,0,node859,87,env,,0,,,,48.157,0
gp-w-r1-s2,4685226,s5014158,ResNet18,CIFAR10,100,weightwise,SGDm,Lion,1e-3,1e-6,1,1,-15:-2.3026,additive,na,1,2,100,100,78.84,78.75,81.49,0,node851,91,env,,0,,,,77.317,0
gp-w-r006-s2,4685217,s5014158,ResNet18,CIFAR10,100,weightwise,SGDm,Lion,1e-3,1e-6,1,1,-15:-2.3026,additive,na,0.06,2,100,100,48.63,48.63,47.56,0,node887,47,env,,0,,,,45.736,0
gp-w-r0-s2,4685211,s5014158,ResNet18,CIFAR10,100,weightwise,SGDm,Lion,1e-3,1e-6,1,1,-15:-2.3026,additive,na,0,2,100,100,48.2,48.2,47.46,0,node858,87,env,,0,,,,44.614,0
gp-w-r02-s2,4685223,s5014158,ResNet18,CIFAR10,100,weightwise,SGDm,Lion,1e-3,1e-6,1,1,-15:-2.3026,additive,na,0.2,2,100,100,59.95,59.95,58.96,0,node882,48,env,,0,,,,57.208,0
gp-w-r003-s2,4685214,s5014158,ResNet18,CIFAR10,100,weightwise,SGDm,Lion,1e-3,1e-6,1,1,-15:-2.3026,additive,na,0.03,2,100,100,47.52,47.52,46.55,0,node885,48,env,,0,,,,44.504,0
p5-c100-lay,4683386,s5014158,ResNet18_c100,CIFAR100,100,layerwise,SGDm,Lion,1e-3,1e-6,1,1,-15:-2.3026,shrink,1.0,na,0,20,20,13.74,13.74,12.63,0,node858,14,env,,0,,,,4.745,0
rc6-r04-s0,4683601,s5014158,ResNet18_c100,CIFAR100,100,layerwise,SGDm,Lion,1e-3,1e-6,1,1,-15:-2.3026,additive,na,0.4,0,100,100,70.27,70.27,98.61,0,node887,31,env,,0,,,,69.453,0
rc6-r07-s0,4683603,s5014158,ResNet18_c100,CIFAR100,100,layerwise,SGDm,Lion,1e-3,1e-6,1,1,-15:-2.3026,additive,na,0.7,0,100,100,70.3,69.93,99.05,0,node883,30,env,,0,,,,69.585,0
rc6-r0-s0,4683593,s5014158,ResNet18_c100,CIFAR100,100,layerwise,SGDm,Lion,1e-3,1e-6,1,1,-15:-2.3026,additive,na,0,0,100,100,19.75,10.69,10.58,0,node886,31,env,,0,,,,10.803,0
rc6-r01-s0,4683597,s5014158,ResNet18_c100,CIFAR100,100,layerwise,SGDm,Lion,1e-3,1e-6,1,1,-15:-2.3026,additive,na,0.1,0,100,100,69.65,69.17,94.38,0,node881,30,env,,0,,,,69.145,0
m0c-001-e3-s0,4683881,s5014158,ResNet18_c100,CIFAR100,100,layerwise,SGDm,Lion,1e-3,1e-3,1,1,-15:-2.3026,shrink,0.01,na,0,100,100,22.36,16.36,16.29,0,node858,71,env,,0,,,,16.372,0
rc6-r1-s0,4683605,s5014158,ResNet18_c100,CIFAR100,100,layerwise,SGDm,Lion,1e-3,1e-6,1,1,-15:-2.3026,additive,na,1,0,100,100,70.0,69.77,99.13,0,node887,31,env,,0,,,,69.52,0
rc6-r02-s0,4683599,s5014158,ResNet18_c100,CIFAR100,100,layerwise,SGDm,Lion,1e-3,1e-6,1,1,-15:-2.3026,additive,na,0.2,0,100,100,70.48,70.21,98.69,0,node885,31,env,,0,,,,69.877,0
m0c-001-e6-s0,4683884,s5014158,ResNet18_c100,CIFAR100,100,layerwise,SGDm,Lion,1e-3,1e-6,1,1,-15:-2.3026,shrink,0.01,na,0,100,100,24.64,18.1,18.29,0,node851,78,env,,0,,,,18.372,0
rc6-r005-s0,4683595,s5014158,ResNet18_c100,CIFAR100,100,layerwise,SGDm,Lion,1e-3,1e-6,1,1,-15:-2.3026,additive,na,0.05,0,100,100,44.92,44.22,49.14,0,node883,31,env,,0,,,,44.499,0
rc6-r04-s1,4683602,s5014158,ResNet18_c100,CIFAR100,100,layerwise,SGDm,Lion,1e-3,1e-6,1,1,-15:-2.3026,additive,na,0.4,1,100,100,69.74,69.38,98.43,0,node858,71,env,,0,,,,69.247,0
m0c-001-e6-s1,4683885,s5014158,ResNet18_c100,CIFAR100,100,layerwise,SGDm,Lion,1e-3,1e-6,1,1,-15:-2.3026,shrink,0.01,na,1,100,100,24.38,18.28,18.23,0,node887,31,env,,0,,,,18.533,0
rc6-r02-s1,4683600,s5014158,ResNet18_c100,CIFAR100,100,layerwise,SGDm,Lion,1e-3,1e-6,1,1,-15:-2.3026,additive,na,0.2,1,100,100,70.57,70.37,98.6,0,node886,31,env,,0,,,,69.903,0
m0c-001-e3-s1,4683882,s5014158,ResNet18_c100,CIFAR100,100,layerwise,SGDm,Lion,1e-3,1e-3,1,1,-15:-2.3026,shrink,0.01,na,1,100,100,22.19,15.51,15.31,0,node858,71,env,,0,,,,15.418,0
rc6-r01-s1,4683598,s5014158,ResNet18_c100,CIFAR100,100,layerwise,SGDm,Lion,1e-3,1e-6,1,1,-15:-2.3026,additive,na,0.1,1,100,100,68.98,68.42,93.79,0,node851,77,env,,0,,,,68.546,0
rc6-r1-s1,4683606,s5014158,ResNet18_c100,CIFAR100,100,layerwise,SGDm,Lion,1e-3,1e-6,1,1,-15:-2.3026,additive,na,1,1,100,100,70.11,69.81,98.79,0,node881,30,env,,0,,,,69.565,0
rc6-r0-s1,4683594,s5014158,ResNet18_c100,CIFAR100,100,layerwise,SGDm,Lion,1e-3,1e-6,1,1,-15:-2.3026,additive,na,0,1,100,100,19.53,11.65,11.52,0,node887,31,env,,0,,,,11.607,0
rc6-r07-s1,4683604,s5014158,ResNet18_c100,CIFAR100,100,layerwise,SGDm,Lion,1e-3,1e-6,1,1,-15:-2.3026,additive,na,0.7,1,100,100,70.3,69.73,98.76,0,node887,31,env,,0,,,,69.648,0
rc6-r005-s1,4683596,s5014158,ResNet18_c100,CIFAR100,100,layerwise,SGDm,Lion,1e-3,1e-6,1,1,-15:-2.3026,additive,na,0.05,1,100,100,43.21,42.12,46.19,0,node887,31,env,,0,,,,42.514,0
c100b-1e3-layer-s2,4683746,s5014158,ResNet18_c100,CIFAR100,100,layerwise,SGDm,Lion,1e-3,1e-3,1,1,-15:-2.3026,,na,na,2,100,100,69.73,69.32,99.29,0,node886,30,env,,0,,,,69.325,0
c100b-1e6-layer-s2,4683755,s5014158,ResNet18_c100,CIFAR100,100,layerwise,SGDm,Lion,1e-3,1e-6,1,1,-15:-2.3026,,na,na,2,100,100,69.72,69.72,98.86,0,node885,31,env,,0,,,,69.01,0
c1b-e3-s2,4683899,s5014158,ResNet18_c100,CIFAR100,100,layerwise,SGDm,Lion,1e-3,1e-3,1,1,-15:-2.3026,,na,na,2,100,100,69.74,69.06,99.21,0,node851,75,env,,0,,,,69.169,0
c1b-e6-s2,4683902,s5014158,ResNet18_c100,CIFAR100,100,layerwise,SGDm,Lion,1e-3,1e-6,1,1,-15:-2.3026,,na,na,2,100,100,69.52,68.6,98.84,0,node859,71,env,,0,,,,68.891,0
m0c-001-e3-s2,4683883,s5014158,ResNet18_c100,CIFAR100,100,layerwise,SGDm,Lion,1e-3,1e-3,1,1,-15:-2.3026,shrink,0.01,na,2,100,100,23.18,16.66,16.48,0,node887,31,env,,0,,,,16.593,0
c1b-e6-s3,4683903,s5014158,ResNet18_c100,CIFAR100,100,layerwise,SGDm,Lion,1e-3,1e-6,1,1,-15:-2.3026,,na,na,3,100,100,69.62,69.35,99.0,0,node858,71,env,,0,,,,69.093,0
c100b-1e6-layer-s3,4683756,s5014158,ResNet18_c100,CIFAR100,100,layerwise,SGDm,Lion,1e-3,1e-6,1,1,-15:-2.3026,,na,na,3,100,100,69.67,69.29,99.06,0,node851,76,env,,0,,,,69.111,0
c100b-1e3-layer-s3,4683747,s5014158,ResNet18_c100,CIFAR100,100,layerwise,SGDm,Lion,1e-3,1e-3,1,1,-15:-2.3026,,na,na,3,100,100,70.27,69.6,99.41,0,node858,71,env,,0,,,,69.534,0
c1b-e3-s3,4683900,s5014158,ResNet18_c100,CIFAR100,100,layerwise,SGDm,Lion,1e-3,1e-3,1,1,-15:-2.3026,,na,na,3,100,100,70.37,70.11,99.34,0,node885,31,env,,0,,,,69.666,0
c1b-e3-s4,4683901,s5014158,ResNet18_c100,CIFAR100,100,layerwise,SGDm,Lion,1e-3,1e-3,1,1,-15:-2.3026,,na,na,4,100,100,69.66,69.33,99.26,0,node887,31,env,,0,,,,69.143,0
c100b-1e3-layer-s4,4683748,s5014158,ResNet18_c100,CIFAR100,100,layerwise,SGDm,Lion,1e-3,1e-3,1,1,-15:-2.3026,,na,na,4,100,100,69.55,68.77,99.15,0,node858,71,env,,0,,,,68.845,0
c100b-1e6-layer-s4,4683757,s5014158,ResNet18_c100,CIFAR100,100,layerwise,SGDm,Lion,1e-3,1e-6,1,1,-15:-2.3026,,na,na,4,100,100,69.18,69.05,99.05,0,node886,31,env,,0,,,,68.631,0
c1b-e6-s4,4683904,s5014158,ResNet18_c100,CIFAR100,100,layerwise,SGDm,Lion,1e-3,1e-6,1,1,-15:-2.3026,,na,na,4,100,100,68.96,68.96,98.8,0,node881,30,env,,0,,,,68.508,0
p5-c100-node,4683387,s5014158,ResNet18_c100,CIFAR100,100,nodewise,SGDm,Lion,1e-3,1e-6,1,1,-15:-2.3026,shrink,1.0,na,0,20,20,5.14,5.14,4.44,0,node882,9,env,,0,,,,2.211,0
c100f-node-s0,4683758,s5014158,ResNet18_c100,CIFAR100,100,nodewise,SGDm,Lion,1e-3,1e-3,1,1,-15:-2.3026,,na,na,0,100,100,71.65,71.22,99.24,0,node887,40,env,,0,,,,71.181,0
c100f-node-s1,4683759,s5014158,ResNet18_c100,CIFAR100,100,nodewise,SGDm,Lion,1e-3,1e-3,1,1,-15:-2.3026,,na,na,1,100,100,71.63,71.11,98.99,0,node885,41,env,,0,,,,71.069,0
c100f-node-s2,4683760,s5014158,ResNet18_c100,CIFAR100,100,nodewise,SGDm,Lion,1e-3,1e-3,1,1,-15:-2.3026,,na,na,2,100,100,71.88,71.88,99.19,0,node887,40,env,,0,,,,71.302,0
c100b-1e3-blk6-s2,4683743,s5014158,ResNet18_c100,CIFAR100,100,resnet18_blocks,SGDm,Lion,1e-3,1e-3,1,1,-15:-2.3026,,na,na,2,100,100,52.1,52.1,63.26,0,node887,42,env,,0,,,,51.188,0
c100b-1e6-blk6-s2,4683752,s5014158,ResNet18_c100,CIFAR100,100,resnet18_blocks,SGDm,Lion,1e-3,1e-6,1,1,-15:-2.3026,,na,na,2,100,100,53.08,52.52,63.91,0,node881,42,env,,0,,,,52.066,0
c100b-1e6-blk6-s3,4683753,s5014158,ResNet18_c100,CIFAR100,100,resnet18_blocks,SGDm,Lion,1e-3,1e-6,1,1,-15:-2.3026,,na,na,3,100,100,53.03,53.03,64.37,0,node883,42,env,,0,,,,52.224,0
c100b-1e3-blk6-s3,4683744,s5014158,ResNet18_c100,CIFAR100,100,resnet18_blocks,SGDm,Lion,1e-3,1e-3,1,1,-15:-2.3026,,na,na,3,100,100,51.87,51.8,64.09,0,node885,42,env,,0,,,,51.377,0
c100b-1e3-blk6-s4,4683745,s5014158,ResNet18_c100,CIFAR100,100,resnet18_blocks,SGDm,Lion,1e-3,1e-3,1,1,-15:-2.3026,,na,na,4,100,100,51.97,51.71,63.85,0,node886,42,env,,0,,,,51.41,0
c100b-1e6-blk6-s4,4683754,s5014158,ResNet18_c100,CIFAR100,100,resnet18_blocks,SGDm,Lion,1e-3,1e-6,1,1,-15:-2.3026,,na,na,4,100,100,53.46,52.74,64.68,0,node887,42,env,,0,,,,52.658,0
p5-c100-scal,4683385,s5014158,ResNet18_c100,CIFAR100,100,scalar,SGDm,Lion,1e-3,1e-6,1,1,-15:-2.3026,,na,na,0,20,20,18.8,18.8,18.19,0,node859,18,env,,0,,,,6.528,0
c100b-1e6-scal-s2,4683749,s5014158,ResNet18_c100,CIFAR100,100,scalar,SGDm,Lion,1e-3,1e-6,1,1,-15:-2.3026,,na,na,2,100,100,23.66,23.42,23.55,0,node880,42,env,,0,,,,23.378,0
c100b-1e3-scal-s2,4683740,s5014158,ResNet18_c100,CIFAR100,100,scalar,SGDm,Lion,1e-3,1e-3,1,1,-15:-2.3026,,na,na,2,100,100,23.15,23.15,23.12,0,node887,42,env,,0,,,,22.948,0
c100b-1e3-scal-s3,4683741,s5014158,ResNet18_c100,CIFAR100,100,scalar,SGDm,Lion,1e-3,1e-3,1,1,-15:-2.3026,,na,na,3,100,100,22.19,22.01,22.23,0,node887,42,env,,0,,,,21.962,0
c100b-1e6-scal-s3,4683750,s5014158,ResNet18_c100,CIFAR100,100,scalar,SGDm,Lion,1e-3,1e-6,1,1,-15:-2.3026,,na,na,3,100,100,22.81,22.54,22.81,0,node858,93,env,,0,,,,22.496,0
c100b-1e6-scal-s4,4683751,s5014158,ResNet18_c100,CIFAR100,100,scalar,SGDm,Lion,1e-3,1e-6,1,1,-15:-2.3026,,na,na,4,100,100,23.59,23.54,23.32,0,node881,42,env,,0,,,,23.436,0
c100b-1e3-scal-s4,4683742,s5014158,ResNet18_c100,CIFAR100,100,scalar,SGDm,Lion,1e-3,1e-3,1,1,-15:-2.3026,,na,na,4,100,100,23.2,22.94,22.88,0,node851,92,env,,0,,,,23.009,0
c100f-w-s0,4683761,s5014158,ResNet18_c100,CIFAR100,100,weightwise,SGDm,Lion,1e-3,1e-3,1,1,-15:-2.3026,,na,na,0,100,100,68.05,68.05,95.56,0,node881,41,env,,0,,,,66.946,0
p5-c100-w,4683388,s5014158,ResNet18_c100,CIFAR100,100,weightwise,SGDm,Lion,1e-3,1e-6,1,1,-15:-2.3026,shrink,1.0,na,0,20,20,1.28,1.24,1.08,0,node880,9,env,,0,,,,1.159,0
c100f-w-s1,4683762,s5014158,ResNet18_c100,CIFAR100,100,weightwise,SGDm,Lion,1e-3,1e-3,1,1,-15:-2.3026,,na,na,1,100,100,67.37,66.9,95.26,0,node881,41,env,,0,,,,66.762,0
c100f-w-s2,4683763,s5014158,ResNet18_c100,CIFAR100,100,weightwise,SGDm,Lion,1e-3,1e-3,1,1,-15:-2.3026,,na,na,2,100,100,67.47,66.61,94.75,0,node882,41,env,,0,,,,66.432,0
r34f-r0005-s0,4685602,s5014158,ResNet34,CIFAR10,100,layerwise,SGDm,Lion,1e-3,1e-6,1,1,-15:-2.3026,additive,na,0.005,0,100,100,93.52,93.18,99.04,0,node881,60,env,,0,40,45,47,93.297,2
r34f-r001-s0,4685605,s5014158,ResNet34,CIFAR10,100,layerwise,SGDm,Lion,1e-3,1e-6,1,1,-15:-2.3026,additive,na,0.01,0,36,100,83.38,83.17,86.42,0,node858,,env,,0,,,,72.101,0
sa3-ResNet34-layer-s0,4683449,s5014158,ResNet34,CIFAR10,100,layerwise,SGDm,Lion,1e-3,1e-3,1,1,-15:-2.3026,,na,na,0,100,100,90.76,90.25,99.81,0,node887,60,env,,0,15,23,58,90.237,68
p5-r34-lay,4683382,s5014158,ResNet34,CIFAR10,100,layerwise,SGDm,Lion,1e-3,1e-6,1,1,-15:-2.3026,shrink,1.0,na,0,20,20,55.01,55.01,52.97,0,node880,12,env,,0,,,,24.865,0
sa3-ResNet34-add-s0,4683450,s5014158,ResNet34,CIFAR10,100,layerwise,SGDm,Lion,1e-3,1e-3,1,1,-15:-2.3026,additive,na,0.06,0,100,100,93.67,93.55,99.8,0,node883,60,env,,0,19,22,27,93.522,7
r34f-r0025-s0,4685611,s5014158,ResNet34,CIFAR10,100,layerwise,SGDm,Lion,1e-3,1e-6,1,1,-15:-2.3026,additive,na,0.025,0,2,100,10.0,10.0,10.0,0,node858,,env,,0,,,,,0
r34f-r0015-s0,4685608,s5014158,ResNet34,CIFAR10,100,layerwise,SGDm,Lion,1e-3,1e-6,1,1,-15:-2.3026,additive,na,0.015,0,18,100,46.91,46.91,43.23,0,node859,,env,,0,,,,,0
sa3-ResNet34-add-s1,4683459,s5014158,ResNet34,CIFAR10,100,layerwise,SGDm,Lion,1e-3,1e-3,1,1,-15:-2.3026,additive,na,0.06,1,100,100,93.45,93.34,99.81,0,node885,61,env,,0,20,24,26,93.283,6
sa3-ResNet34-layer-s1,4683458,s5014158,ResNet34,CIFAR10,100,layerwise,SGDm,Lion,1e-3,1e-3,1,1,-15:-2.3026,,na,na,1,100,100,90.9,90.49,99.8,0,node858,104,env,,0,14,25,54,90.548,65
r34f-r0015-s1,4685609,s5014158,ResNet34,CIFAR10,100,layerwise,SGDm,Lion,1e-3,1e-6,1,1,-15:-2.3026,additive,na,0.015,1,27,100,79.19,78.64,80.31,0,node886,,env,,0,,,,46.916,0
r34f-r001-s1,4685606,s5014158,ResNet34,CIFAR10,100,layerwise,SGDm,Lion,1e-3,1e-6,1,1,-15:-2.3026,additive,na,0.01,1,34,100,84.01,83.83,85.7,0,node851,,env,,0,,,,67.844,0
r34f-r0005-s1,4685603,s5014158,ResNet34,CIFAR10,100,layerwise,SGDm,Lion,1e-3,1e-6,1,1,-15:-2.3026,additive,na,0.005,1,46,100,90.51,90.51,91.8,0,node851,,env,,0,34,45,46,84.305,1
r34f-r0025-s1,4685612,s5014158,ResNet34,CIFAR10,100,layerwise,SGDm,Lion,1e-3,1e-6,1,1,-15:-2.3026,additive,na,0.025,1,1,100,12.35,12.35,11.71,0,node881,,env,,0,,,,,0
sa3-ResNet34-add-s2,4683468,s5014158,ResNet34,CIFAR10,100,layerwise,SGDm,Lion,1e-3,1e-3,1,1,-15:-2.3026,additive,na,0.06,2,100,100,93.37,93.16,99.81,0,node880,60,env,,0,15,22,29,93.245,4
r34f-r0005-s2,4685604,s5014158,ResNet34,CIFAR10,100,layerwise,SGDm,Lion,1e-3,1e-6,1,1,-15:-2.3026,additive,na,0.005,2,72,100,93.36,93.32,98.53,0,node866,,env,,0,38,46,48,93.109,3
sa3-ResNet34-layer-s2,4683467,s5014158,ResNet34,CIFAR10,100,layerwise,SGDm,Lion,1e-3,1e-3,1,1,-15:-2.3026,,na,na,2,100,100,90.83,90.58,99.81,0,node851,104,env,,0,16,24,58,90.479,68
r34f-r001-s2,4685607,s5014158,ResNet34,CIFAR10,100,layerwise,SGDm,Lion,1e-3,1e-6,1,1,-15:-2.3026,additive,na,0.01,2,34,100,84.82,84.82,85.95,0,node885,,env,,0,,,,67.405,0
r34f-r0015-s2,4685610,s5014158,ResNet34,CIFAR10,100,layerwise,SGDm,Lion,1e-3,1e-6,1,1,-15:-2.3026,additive,na,0.015,2,8,100,14.46,14.46,13.92,0,node851,,env,,0,,,,,0
p5-r34-node,4683383,s5014158,ResNet34,CIFAR10,100,nodewise,SGDm,Lion,1e-3,1e-6,1,1,-15:-2.3026,shrink,1.0,na,0,20,20,27.04,27.04,25.43,0,node858,25,env,,0,,,,15.156,0
p5-r34-scal,4683381,s5014158,ResNet34,CIFAR10,100,scalar,SGDm,Lion,1e-3,1e-6,1,1,-15:-2.3026,,na,na,0,20,20,75.17,75.17,74.19,0,node886,13,env,,0,,,,32.7,0
sa3-ResNet34-scal-s0,4683448,s5014158,ResNet34,CIFAR10,100,scalar,SGDm,Lion,1e-3,1e-3,1,1,-15:-2.3026,,na,na,0,100,100,90.14,89.89,98.65,0,node887,65,env,,0,17,33,91,89.922,52
sa3-ResNet34-scal-s1,4683457,s5014158,ResNet34,CIFAR10,100,scalar,SGDm,Lion,1e-3,1e-3,1,1,-15:-2.3026,,na,na,1,100,100,89.69,89.66,98.74,0,node881,64,env,,0,17,34,,89.531,47
sa3-ResNet34-scal-s2,4683466,s5014158,ResNet34,CIFAR10,100,scalar,SGDm,Lion,1e-3,1e-3,1,1,-15:-2.3026,,na,na,2,100,100,89.86,89.86,98.78,0,node887,65,env,,0,15,28,,89.605,44
p5-r34-w,4683384,s5014158,ResNet34,CIFAR10,100,weightwise,SGDm,Lion,1e-3,1e-6,1,1,-15:-2.3026,shrink,1.0,na,0,20,20,14.2,14.2,13.77,0,node859,26,env,,0,,,,10.912,0
