probes_ar1/probe_c23_ar1_s0	10000	4851	-15.0000	-4.1256	0.45820	0.00000	20	0
probes_ar1/probe_c23_ar1_s1	10000	4851	-15.0000	-3.7246	0.45600	0.00000	21	0
probes_ar1/probe_c23_ar1_s2	10000	4851	-15.0000	-3.7849	0.45690	0.00000	19	0
probes_ar1/probe_ch_ar1_s0	10000	14421	-15.0000	-4.0017	0.45820	0.00000	23	0
probes_ar1/probe_ch_ar1_s1	10000	14421	-15.0000	-4.0104	0.45600	0.00000	24	0
probes_ar1/probe_ch_ar1_s2	10000	14421	-15.0000	-4.1214	0.45680	0.00000	25	0
probes_ar1/probe_n1d_ar1_s0	10000	4851	-15.0000	-3.9405	0.45820	0.00000	27	0
probes_ar1/probe_n1d_ar1_s1	10000	4851	-15.0000	-3.7312	0.45610	0.00000	27	0
probes_ar1/probe_n1d_ar1_s2	10000	4851	-15.0000	-3.6493	0.45680	0.00000	27	0
probes_ar1/probe_node_ar1_s0	10000	14420	-15.0000	-2.4808	0.45960	0.00000	1748	0
probes_ar1/probe_node_ar1_s1	10000	14420	-15.0000	-2.5066	0.45390	0.00000	1699	0
probes_ar1/probe_node_ar1_s2	10000	14420	-15.0000	-2.3026	0.45210	0.11950	1714	3
probes_at1/probe_blk6_at1_s0	10000	6	-10.9186	-3.7347	0.00000	0.00000	0	0
probes_at1/probe_blk6_at1_s1	10000	6	-10.9362	-3.6141	0.00000	0.00000	0	0
probes_at1/probe_blk6_at1_s2	10000	6	-10.9414	-3.7488	0.00000	0.00000	0	0
probes_at1/probe_node_at1_s0	10000	14420	-15.0000	-2.3026	0.45990	0.00370	1721	2
probes_at1/probe_node_at1_s1	10000	14420	-15.0000	-2.5195	0.45460	0.00000	1715	0
probes_at1/probe_node_at1_s2	10000	14420	-15.0000	-2.4625	0.45280	0.00000	1716	0
probes_bd7/probe_lay_c2_s0	8000	62	-30.0000	-3.9060	0.41825	0.00000	7	0
probes_bd7/probe_lay_c2_s1	8000	62	-30.0000	-3.8930	0.41537	0.00000	7	0
probes_bd7/probe_lay_c6_s0	8000	62	-30.0000	-4.0630	0.41863	0.00000	7	0
probes_bd7/probe_lay_c6_s1	8000	62	-30.0000	-3.7320	0.41575	0.00000	7	0
probes_bd7/probe_node_c2_s0	8000	14420	-30.0000	-2.5571	0.41213	0.00000	1084	0
probes_bd7/probe_node_c2_s1	8000	14420	-30.0000	2.0000	0.40363	0.14062	1140	2
probes_bd7/probe_node_c6_s0	8000	14420	-30.0000	1.9000	0.41313	0.00000	1069	0
probes_bd7/probe_node_c6_s1	8000	14420	-30.0000	2.0960	0.40337	0.00000	1140	0
probes_bd7/probe_w_c2_s0	8000	11173962	-30.0000	2.0000	0.39213	0.62087	3557	2775
probes_bd7/probe_w_c2_s1	8000	11173962	-30.0000	-1.9921	0.37112	0.00000	2956	0
probes_bd7/probe_w_c6_s0	8000	11173962	-25.5517	3.3729	0.00000	0.00000	0	0
probes_bd7/probe_w_c6_s1	8000	11173962	-28.3911	3.4359	0.00000	0.00000	0	0
probes_bf8/probe_lay_f60_s0	8000	62	-46.7380	-3.8790	0.00000	0.00000	0	0
probes_bf8/probe_lay_f60_s1	8000	62	-46.6201	-3.7860	0.00000	0.00000	0	0
probes_bf8/probe_lay_f90_s0	8000	62	-46.7440	-3.9300	0.00000	0.00000	0	0
probes_bf8/probe_lay_f90_s1	8000	62	-46.6301	-3.6810	0.00000	0.00000	0	0
probes_bf8/probe_node_f60_s0	8000	14420	-46.4442	-2.1681	0.00000	0.00000	0	0
probes_bf8/probe_node_f60_s1	8000	14420	-46.0284	-2.3861	0.00000	0.00000	0	0
probes_bf8/probe_node_f90_s0	8000	14420	-46.5281	-2.8391	0.00000	0.00000	0	0
probes_bf8/probe_node_f90_s1	8000	14420	-46.0944	-2.3781	0.00000	0.00000	0	0
probes_bf8/probe_w_f60_s0	8000	11173962	-45.0210	2.0000	0.00000	0.52225	0	6058
probes_bf8/probe_w_f60_s1	8000	11173962	-44.6552	-2.1361	0.00000	0.00000	0	0
probes_bf8/probe_w_f90_s0	8000	11173962	-45.0709	2.0000	0.00000	0.50675	0	13828
probes_bf8/probe_w_f90_s1	8000	11173962	-44.6632	-2.0121	0.00000	0.00000	0	0
probes_bf9/probe_lay_f60_s0	8000	62	-46.7400	-4.0280	0.00000	0.00000	0	0
probes_bf9/probe_lay_f60_s1	8000	62	-46.6321	-3.7880	0.00000	0.00000	0	0
probes_bf9/probe_lay_f60_s2	8000	62	-46.6361	-4.0410	0.00000	0.00000	0	0
probes_bf9/probe_lay_f60_s3	8000	62	-46.7040	-3.8670	0.00000	0.00000	0	0
probes_bf9/probe_node_f60_s0	8000	14420	-46.4362	-2.1281	0.00000	0.00000	0	0
probes_bf9/probe_node_f60_s1	8000	14420	-46.0644	1.6259	0.00000	0.00000	0	0
probes_bf9/probe_node_f60_s2	8000	14420	-45.7006	2.0000	0.00000	0.21600	0	2
probes_bf9/probe_node_f60_s3	8000	14420	-46.0964	2.0000	0.00000	0.34425	0	2
probes_bf9/probe_w_f60_s0	8000	11173962	-45.2069	2.0000	0.00000	0.21013	0	7716
probes_bf9/probe_w_f60_s1	8000	11173962	-44.6292	-1.7651	0.00000	0.00000	0	0
probes_bf9/probe_w_f60_s2	8000	11173962	-44.7331	2.0000	0.00000	0.52987	0	4972
probes_bf9/probe_w_f60_s3	8000	11173962	-45.0809	2.0000	0.00000	0.45088	0	2140
probes_bl5/probe_lay_e40_s0	4000	62	-26.7510	-3.8340	0.00000	0.00000	0	0
probes_bl5/probe_lay_e40_s1	4000	62	-26.6451	-3.7380	0.00000	0.00000	0	0
probes_bl5/probe_lay_e40_s2	4000	62	-26.6451	-4.0030	0.00000	0.00000	0	0
probes_bl5/probe_node_e40_s0	4000	14420	-26.5191	-2.8381	0.00000	0.00000	0	0
probes_bl5/probe_node_e40_s1	4000	14420	-26.1593	-2.7161	0.00000	0.00000	0	0
probes_bl5/probe_node_e40_s2	4000	14420	-25.9095	-2.9400	0.00000	0.00000	0	0
probes_bl5/probe_w_e40_s0	4000	11173962	-25.7935	0.0000	0.00000	0.24050	0	2820
probes_bl5/probe_w_e40_s1	4000	11173962	-24.9740	-1.9071	0.00000	0.00000	0	0
probes_bl5/probe_w_e40_s2	4000	11173962	-25.3977	-1.9561	0.00000	0.00000	0	0
probes_bn1/probe_c23_bn1_s0	10000	4851	-11.8997	-3.9183	0.00000	0.00000	0	0
probes_bn1/probe_c23_bn1_s1	10000	4851	-11.8889	-3.9196	0.00000	0.00000	0	0
probes_bn1/probe_c23_bn1_s2	10000	4851	-11.8929	-3.9226	0.00000	0.00000	0	0
probes_bn1/probe_n1d_bn1_s0	10000	4851	-11.8997	-4.0079	0.00000	0.00000	0	0
probes_bn1/probe_n1d_bn1_s1	10000	4851	-11.8887	-3.9389	0.00000	0.00000	0	0
probes_bn1/probe_n1d_bn1_s2	10000	4851	-11.8931	-4.0783	0.00000	0.00000	0	0
probes_bn1/probe_node_bn1_s0	10000	14420	-11.9125	-3.5437	0.00000	0.00000	0	0
probes_bn1/probe_node_bn1_s1	10000	14420	-11.9029	-3.5133	0.00000	0.00000	0	0
probes_bn1/probe_node_bn1_s2	10000	14420	-11.8943	-3.4626	0.00000	0.00000	0	0
probes_bo6/probe_lay_adw_s0	2000	62	-12.9507	-6.2258	0.00000	0.00000	0	0
probes_bo6/probe_lay_adw_s1	2000	62	-12.2734	-6.2278	0.00000	0.00000	0	0
probes_bo6/probe_node_adw_s0	2000	14420	-15.6608	0.0000	0.00000	0.19850	0	14
probes_bo6/probe_node_adw_s1	2000	14420	-14.8364	0.0000	0.00000	0.08800	0	5
probes_bo6/probe_w_adw_s0	2000	11173962	-16.4587	0.0000	0.00000	0.23400	0	2864
probes_bo6/probe_w_adw_s1	2000	11173962	-16.1089	0.0000	0.00000	0.17500	0	406
probes_bo7/probe_lay_c2_s0	2000	62	-12.2774	-6.1438	0.00000	0.00000	0	0
probes_bo7/probe_lay_c2_s1	2000	62	-11.9633	-6.2598	0.00000	0.00000	0	0
probes_bo7/probe_lay_c6_s0	2000	62	-13.0317	-6.1248	0.00000	0.00000	0	0
probes_bo7/probe_lay_c6_s1	2000	62	-11.9273	-6.2338	0.00000	0.00000	0	0
probes_bo7/probe_node_c2_s0	2000	14420	-15.3066	1.8840	0.00000	0.00000	0	0
probes_bo7/probe_node_c2_s1	2000	14420	-15.0465	1.4279	0.00000	0.00000	0	0
probes_bo7/probe_node_c6_s0	2000	14420	-14.8244	2.1560	0.00000	0.00000	0	0
probes_bo7/probe_node_c6_s1	2000	14420	-15.5827	0.7909	0.00000	0.00000	0	0
probes_bo7/probe_w_c2_s0	2000	11173962	-16.6106	1.9960	0.00000	0.00000	0	0
probes_bo7/probe_w_c2_s1	2000	11173962	-16.8684	1.9420	0.00000	0.00000	0	0
probes_bo7/probe_w_c6_s0	2000	11173962	-16.3747	1.8860	0.00000	0.00000	0	0
probes_bo7/probe_w_c6_s1	2000	11173962	-16.4447	1.7220	0.00000	0.00000	0	0
probes_br6/probe_lay_c2_s0	4000	62	-26.7350	-3.9080	0.00000	0.00000	0	0
probes_br6/probe_lay_c2_s1	4000	62	-26.6391	-3.7880	0.00000	0.00000	0	0
probes_br6/probe_lay_c2_s2	4000	62	-26.6630	-4.0600	0.00000	0.00000	0	0
probes_br6/probe_lay_c2_s3	4000	62	-26.7170	-3.8740	0.00000	0.00000	0	0
probes_br6/probe_node_c2_s0	4000	14420	-26.5451	-2.8650	0.00000	0.00000	0	0
probes_br6/probe_node_c2_s1	4000	14420	-26.2493	-2.8620	0.00000	0.00000	0	0
probes_br6/probe_node_c2_s2	4000	14420	-25.9934	-3.0130	0.00000	0.00000	0	0
probes_br6/probe_node_c2_s3	4000	14420	-26.2073	0.7379	0.00000	0.00000	0	0
probes_br6/probe_w_c2_s0	4000	11173962	-25.7296	-1.7341	0.00000	0.00000	0	0
probes_br6/probe_w_c2_s1	4000	11173962	-24.9520	1.1779	0.00000	0.00000	0	0
probes_br6/probe_w_c2_s2	4000	11173962	-25.4777	-1.8931	0.00000	0.00000	0	0
probes_br6/probe_w_c2_s3	4000	11173962	-25.4437	-1.7771	0.00000	0.00000	0	0
probes_cc1/probe_c23_cc1_s3	10000	4851	-11.8959	-4.0680	0.00000	0.00000	0	0
probes_cc1/probe_c23_cc1_s4	10000	4851	-11.8985	-3.9652	0.00000	0.00000	0	0
probes_cc1/probe_c23_cc1_s5	10000	4851	-11.8955	-3.8402	0.00000	0.00000	0	0
probes_cc1/probe_ch_cc1_s3	10000	14421	-11.8957	-4.0212	0.00000	0.00000	0	0
probes_cc1/probe_ch_cc1_s4	10000	14421	-11.8985	-4.0032	0.00000	0.00000	0	0
probes_cc1/probe_ch_cc1_s5	10000	14421	-11.8957	-3.9483	0.00000	0.00000	0	0
probes_cc1/probe_n1d_cc1_s3	10000	4851	-11.8959	-4.0823	0.00000	0.00000	0	0
probes_cc1/probe_n1d_cc1_s4	10000	4851	-11.8983	-3.9828	0.00000	0.00000	0	0
probes_cc1/probe_n1d_cc1_s5	10000	4851	-11.8957	-4.0652	0.00000	0.00000	0	0
probes_cc1/probe_node_cc1_s3	10000	14420	-11.9111	-3.4945	0.00000	0.00000	0	0
probes_cc1/probe_node_cc1_s4	10000	14420	-11.9107	-3.3206	0.00000	0.00000	0	0
probes_cc1/probe_node_cc1_s5	10000	14420	-11.9039	-3.6021	0.00000	0.00000	0	0
probes_ck1/probe_k1024_ck1_s0	10000	10944	-11.8997	-3.9946	0.00000	0.00000	0	0
probes_ck1/probe_k1024_ck1_s1	10000	10944	-11.8889	-3.9356	0.00000	0.00000	0	0
probes_ck1/probe_k1024_ck1_s2	10000	10944	-11.8931	-4.0118	0.00000	0.00000	0	0
probes_ck1/probe_k128_ck1_s0	10000	87303	-11.9055	-4.0792	0.00000	0.00000	0	0
probes_ck1/probe_k128_ck1_s1	10000	87303	-11.8909	-4.0826	0.00000	0.00000	0	0
probes_ck1/probe_k128_ck1_s2	10000	87303	-11.9045	-4.1510	0.00000	0.00000	0	0
probes_ck1/probe_k16_ck1_s0	10000	698373	-11.9129	-3.9094	0.00000	0.00000	0	0
probes_ck1/probe_k16_ck1_s1	10000	698373	-11.9127	-3.8516	0.00000	0.00000	0	0
probes_ck1/probe_k16_ck1_s2	10000	698373	-11.9127	-3.9564	0.00000	0.00000	0	0
probes_ck1/probe_k1_ck1_s0	10000	11173962	-11.9107	-3.3004	0.00000	0.00000	0	0
probes_ck1/probe_k1_ck1_s1	10000	11173962	-11.8911	-3.2261	0.00000	0.00000	0	0
probes_ck1/probe_k1_ck1_s2	10000	11173962	-11.8865	-3.3060	0.00000	0.00000	0	0
probes_ck1/probe_k2_ck1_s0	10000	5586981	-11.9121	-3.4382	0.00000	0.00000	0	0
probes_ck1/probe_k2_ck1_s1	10000	5586981	-11.9095	-3.3769	0.00000	0.00000	0	0
probes_ck1/probe_k2_ck1_s2	10000	5586981	-11.9019	-3.4612	0.00000	0.00000	0	0
probes_cl5/probe_lay_cD_s0	2000	62	-16.7505	-4.6052	0.00000	0.25750	0	3
probes_cl5/probe_lay_cD_s1	2000	62	-16.6366	-4.6052	0.00000	0.31300	0	3
probes_cl5/probe_lay_cD_s2	2000	62	-16.6785	-4.6052	0.00000	0.24750	0	4
probes_cl5/probe_lay_cU_s0	2000	62	-16.7505	-3.9920	0.00000	0.00000	0	0
probes_cl5/probe_lay_cU_s1	2000	62	-16.6426	-3.8090	0.00000	0.00000	0	0
probes_cl5/probe_lay_cU_s2	2000	62	-16.6565	-3.9900	0.00000	0.00000	0	0
probes_cl5/probe_node_cD_s0	2000	14420	-16.6925	-4.6052	0.00000	0.76050	0	216
probes_cl5/probe_node_cD_s1	2000	14420	-16.3347	-4.6052	0.00000	0.75900	0	177
probes_cl5/probe_node_cD_s2	2000	14420	-16.0669	-4.6052	0.00000	0.75600	0	193
probes_cl5/probe_node_cU_s0	2000	14420	-16.6246	-3.0640	0.00000	0.00000	0	0
probes_cl5/probe_node_cU_s1	2000	14420	-16.3347	-3.0640	0.00000	0.00000	0	0
probes_cl5/probe_node_cU_s2	2000	14420	-16.1368	-3.2570	0.00000	0.00000	0	0
probes_cl5/probe_w_cD_s0	2000	11173962	-15.9869	-4.6052	0.00000	0.76350	0	28064
probes_cl5/probe_w_cD_s1	2000	11173962	-15.4727	-4.6052	0.00000	0.75750	0	26467
probes_cl5/probe_w_cD_s2	2000	11173962	-15.8148	-4.6052	0.00000	0.75700	0	26615
probes_cl5/probe_w_cU_s0	2000	11173962	-15.9729	-1.9841	0.00000	0.00000	0	0
probes_cl5/probe_w_cU_s1	2000	11173962	-15.4067	-2.1301	0.00000	0.00000	0	0
probes_cl5/probe_w_cU_s2	2000	11173962	-15.7788	-2.0301	0.00000	0.00000	0	0
probes_cx2/probe_k65536_cx2_s0	10000	220	-11.8997	-3.9502	0.00000	0.00000	0	0
probes_cx2/probe_k65536_cx2_s1	10000	220	-11.8889	-3.9098	0.00000	0.00000	0	0
probes_cx2/probe_k65536_cx2_s2	10000	220	-11.8929	-3.8894	0.00000	0.00000	0	0
probes_cx2/probe_k8192_cx2_s0	10000	1407	-11.8999	-3.8161	0.00000	0.00000	0	0
probes_cx2/probe_k8192_cx2_s1	10000	1407	-11.8889	-3.9024	0.00000	0.00000	0	0
probes_cx2/probe_k8192_cx2_s2	10000	1407	-11.8931	-3.8503	0.00000	0.00000	0	0
probes_ff5/probe_c100_lay_s0	1	0	-15.0000	-2.3026	0.00000	0.00000	0	0
probes_ff5/probe_c100_lay_s1	1	0	-15.0000	-2.3026	0.00000	0.00000	0	0
probes_ff5/probe_c100_node_s0	1	0	-15.0000	-2.3026	0.00000	0.00000	0	0
probes_ff5/probe_c100_node_s1	1	0	-15.0000	-2.3026	0.00000	0.00000	0	0
probes_ff5/probe_c100_w_s0	1	0	-15.0000	-2.3026	0.00000	0.00000	0	0
probes_ff5/probe_c100_w_s1	1	0	-15.0000	-2.3026	0.00000	0.00000	0	0
probes_ff5/probe_r10_lay_s0	1	0	-15.0000	-2.8381	0.00000	0.00000	0	0
probes_ff5/probe_r10_lay_s1	1	0	-15.0000	-2.8021	0.00000	0.00000	0	0
probes_ff5/probe_r10_node_s0	1	0	-15.0000	-2.3221	0.00000	0.00000	0	0
probes_ff5/probe_r10_node_s1	1	0	-15.0000	-2.3026	0.00000	0.00000	0	0
probes_ff5/probe_r10_w_s0	1	0	-15.0000	-2.3026	0.00000	0.00000	0	0
probes_ff5/probe_r10_w_s1	1	0	-15.0000	-2.3026	0.00000	0.00000	0	0
probes_ff5/probe_r34_lay_s0	1	0	-15.0000	-4.0970	0.00000	0.00000	0	0
probes_ff5/probe_r34_lay_s1	1	0	-15.0000	-4.0860	0.00000	0.00000	0	0
probes_ff5/probe_r34_node_s0	1	0	-14.3442	-3.7610	0.00000	0.00000	0	0
probes_ff5/probe_r34_node_s1	1	0	-14.5783	-3.8710	0.00000	0.00000	0	0
probes_ff5/probe_r34_w_s0	1	0	-15.0000	-2.4661	0.00000	0.00000	0	0
probes_ff5/probe_r34_w_s1	1	0	-14.8444	-2.4091	0.00000	0.00000	0	0
probes_fr5/probe_blk6_a3_s0	1	0	-15.0000	-4.8199	0.00000	0.00000	0	0
probes_fr5/probe_blk6_a3_s1	1	0	-14.8504	-4.7429	0.00000	0.00000	0	0
probes_fr5/probe_blk6_a3_s2	1	0	-15.0000	-4.8149	0.00000	0.00000	0	0
probes_fr5/probe_lay_a3_s0	1	0	-15.0000	-3.9110	0.00000	0.00000	0	0
probes_fr5/probe_lay_a3_s1	1	0	-15.0000	-3.8130	0.00000	0.00000	0	0
probes_fr5/probe_lay_a3_s2	1	0	-15.0000	-3.9700	0.00000	0.00000	0	0
probes_fr5/probe_node_a3_s0	1	0	-15.0000	-3.0540	0.00000	0.00000	0	0
probes_fr5/probe_node_a3_s1	1	0	-15.0000	-2.8720	0.00000	0.00000	0	0
probes_fr5/probe_node_a3_s2	1	0	-15.0000	-2.8920	0.00000	0.00000	0	0
probes_fr5/probe_w_a3_s0	1	0	-15.0000	-2.3026	0.00000	0.00000	0	0
probes_fr5/probe_w_a3_s1	1	0	-15.0000	-2.3026	0.00000	0.00000	0	0
probes_fr5/probe_w_a3_s2	1	0	-15.0000	-2.3026	0.00000	0.00000	0	0
probes_fz3/probe_c100_blk6_s0	1	0	-6.9078	-6.9078	0.00000	0.00000	0	0
probes_fz3/probe_c100_blk6_s1	1	0	-6.9078	-6.9078	0.00000	0.00000	0	0
probes_fz3/probe_c100_lay_s0	1	0	-6.9078	-6.9078	0.00000	0.00000	0	0
probes_fz3/probe_c100_lay_s1	1	0	-6.9078	-6.9078	0.00000	0.00000	0	0
probes_fz3/probe_c100_node_s0	1	0	-6.9078	-6.9078	0.00000	0.00000	0	0
probes_fz3/probe_c100_node_s1	1	0	-6.9078	-6.9078	0.00000	0.00000	0	0
probes_fz3/probe_c100_w_s0	1	0	-6.9078	-6.9078	0.00000	0.00000	0	0
probes_fz3/probe_c100_w_s1	1	0	-6.9078	-6.9078	0.00000	0.00000	0	0
probes_fz3/probe_r10_lay_s0	1	0	-6.9078	-6.9078	0.00000	0.00000	0	0
probes_fz3/probe_r10_lay_s1	1	0	-6.9078	-6.9078	0.00000	0.00000	0	0
probes_fz3/probe_r10_node_s0	1	0	-6.9078	-6.9078	0.00000	0.00000	0	0
probes_fz3/probe_r10_node_s1	1	0	-6.9078	-6.9078	0.00000	0.00000	0	0
probes_fz3/probe_r10_w_s0	1	0	-6.9078	-6.9078	0.00000	0.00000	0	0
probes_fz3/probe_r10_w_s1	1	0	-6.9078	-6.9078	0.00000	0.00000	0	0
probes_fz3/probe_r34_lay_s0	1	0	-6.9078	-6.9078	0.00000	0.00000	0	0
probes_fz3/probe_r34_lay_s1	1	0	-6.9078	-6.9078	0.00000	0.00000	0	0
probes_fz3/probe_r34_node_s0	1	0	-6.9078	-6.9078	0.00000	0.00000	0	0
probes_fz3/probe_r34_node_s1	1	0	-6.9078	-6.9078	0.00000	0.00000	0	0
probes_fz3/probe_r34_w_s0	1	0	-6.9078	-6.9078	0.00000	0.00000	0	0
probes_fz3/probe_r34_w_s1	1	0	-6.9078	-6.9078	0.00000	0.00000	0	0
probes_ml5/probe_blk6_m2_s0	1	0	-15.0000	-3.4177	0.00000	0.00000	0	0
probes_ml5/probe_blk6_m2_s1	1	0	-15.0000	-3.6977	0.00000	0.00000	0	0
probes_ml5/probe_blk6_m2_s2	1	0	-15.0000	-3.5377	0.00000	0.00000	0	0
probes_ml5/probe_blk6_m3_s0	1	0	-15.0000	-4.7849	0.00000	0.00000	0	0
probes_ml5/probe_blk6_m3_s1	1	0	-14.8805	-4.7289	0.00000	0.00000	0	0
probes_ml5/probe_blk6_m3_s2	1	0	-15.0000	-4.8529	0.00000	0.00000	0	0
probes_ml5/probe_blk6_m4_s0	1	0	-7.2673	-6.0426	0.00000	0.00000	0	0
probes_ml5/probe_blk6_m4_s1	1	0	-7.1078	-6.0414	0.00000	0.00000	0	0
probes_ml5/probe_blk6_m4_s2	1	0	-7.2928	-6.0496	0.00000	0.00000	0	0
probes_ml5/probe_lay_m2_s0	1	0	-15.0000	-2.4877	0.00000	0.00000	0	0
probes_ml5/probe_lay_m2_s1	1	0	-15.0000	-2.6477	0.00000	0.00000	0	0
probes_ml5/probe_lay_m2_s2	1	0	-15.0000	-2.9877	0.00000	0.00000	0	0
probes_ml5/probe_lay_m3_s0	1	0	-15.0000	-3.8180	0.00000	0.00000	0	0
probes_ml5/probe_lay_m3_s1	1	0	-15.0000	-3.6900	0.00000	0.00000	0	0
probes_ml5/probe_lay_m3_s2	1	0	-15.0000	-4.0140	0.00000	0.00000	0	0
probes_ml5/probe_lay_m4_s0	1	0	-7.8943	-5.9068	0.00000	0.00000	0	0
probes_ml5/probe_lay_m4_s1	1	0	-7.8833	-5.9068	0.00000	0.00000	0	0
probes_ml5/probe_lay_m4_s2	1	0	-7.8877	-5.9068	0.00000	0.00000	0	0
probes_ml5/probe_node_m2_s0	1	0	-15.0000	-2.3026	0.00000	0.00000	0	0
probes_ml5/probe_node_m2_s1	1	0	-15.0000	-2.3026	0.00000	0.00000	0	0
probes_ml5/probe_node_m2_s2	1	0	-15.0000	-2.3026	0.00000	0.00000	0	0
probes_ml5/probe_node_m3_s0	1	0	-15.0000	-3.0130	0.00000	0.00000	0	0
probes_ml5/probe_node_m3_s1	1	0	-15.0000	-3.1340	0.00000	0.00000	0	0
probes_ml5/probe_node_m3_s2	1	0	-15.0000	-3.0920	0.00000	0.00000	0	0
probes_ml5/probe_node_m4_s0	1	0	-7.9069	-5.9142	0.00000	0.00000	0	0
probes_ml5/probe_node_m4_s1	1	0	-7.8985	-5.9076	0.00000	0.00000	0	0
probes_ml5/probe_node_m4_s2	1	0	-7.8903	-5.9152	0.00000	0.00000	0	0
probes_ml5/probe_w_m2_s0	1	0	-15.0000	-2.3026	0.00000	0.00000	0	0
probes_ml5/probe_w_m2_s1	1	0	-15.0000	-2.3026	0.00000	0.00000	0	0
probes_ml5/probe_w_m2_s2	1	0	-15.0000	-2.3026	0.00000	0.00000	0	0
probes_ml5/probe_w_m3_s0	1	0	-15.0000	-2.3026	0.00000	0.00000	0	0
probes_ml5/probe_w_m3_s1	1	0	-15.0000	-2.3026	0.00000	0.00000	0	0
probes_ml5/probe_w_m3_s2	1	0	-15.0000	-2.3026	0.00000	0.00000	0	0
probes_ml5/probe_w_m4_s0	1	0	-7.9053	-5.9232	0.00000	0.00000	0	0
probes_ml5/probe_w_m4_s1	1	0	-7.8853	-5.9352	0.00000	0.00000	0	0
probes_ml5/probe_w_m4_s2	1	0	-7.8837	-5.9334	0.00000	0.00000	0	0
probes_mm1/probe_ch_mm1_s0	10000	14421	-11.8997	-3.9538	0.00000	0.00000	0	0
probes_mm1/probe_ch_mm1_s1	10000	14421	-11.8889	-4.0929	0.00000	0.00000	0	0
probes_mm1/probe_ch_mm1_s2	10000	14421	-11.8931	-4.0120	0.00000	0.00000	0	0
probes_mm1/probe_node_mm1_s0	10000	14420	-11.9125	-3.5116	0.00000	0.00000	0	0
probes_mm1/probe_node_mm1_s1	10000	14420	-11.9033	-3.4408	0.00000	0.00000	0	0
probes_mm1/probe_node_mm1_s2	10000	14420	-11.8953	-3.3484	0.00000	0.00000	0	0
probes_ns5/probe_lay_m2p4_s0	2000	62	-8.8782	-5.0031	0.00000	0.00000	0	0
probes_ns5/probe_lay_m2p4_s1	2000	62	-8.8566	-5.0379	0.00000	0.00000	0	0
probes_ns5/probe_lay_m2p4_s2	2000	62	-8.8642	-5.0485	0.00000	0.00000	0	0
probes_ns5/probe_lay_m5p4_s0	2000	62	-11.8321	-4.3777	0.00000	0.00000	0	0
probes_ns5/probe_lay_m5p4_s1	2000	62	-11.7761	-4.1166	0.00000	0.00000	0	0
probes_ns5/probe_node_m2p4_s0	2000	14420	-8.9031	-5.0007	0.00000	0.00000	0	0
probes_ns5/probe_node_m2p4_s1	2000	14420	-8.8722	-5.0756	0.00000	0.00000	0	0
probes_ns5/probe_node_m2p4_s2	2000	14420	-8.8602	-5.0988	0.00000	0.00000	0	0
probes_ns5/probe_node_m5p4_s0	2000	14420	-11.8391	-3.8461	0.00000	0.00000	0	0
probes_ns5/probe_node_m5p4_s1	2000	14420	-11.7062	-3.7341	0.00000	0.00000	0	0
probes_ns5/probe_w_m2p4_s0	2000	11173962	-8.8878	-4.9658	0.00000	0.00000	0	0
probes_ns5/probe_w_m2p4_s1	2000	11173962	-8.8254	-5.0860	0.00000	0.00000	0	0
probes_ns5/probe_w_m2p4_s2	2000	11173962	-8.8229	-5.0672	0.00000	0.00000	0	0
probes_ns5/probe_w_m5p4_s0	2000	11173962	-11.7401	-3.3271	0.00000	0.00000	0	0
probes_ns5/probe_w_m5p4_s1	2000	11173962	-11.4243	-3.2316	0.00000	0.00000	0	0
probes_p5/probe_blk6_a3_s0	1	0	-6.9078	-6.9078	0.00000	0.00000	0	0
probes_p5/probe_blk6_a3_s1	1	0	-6.9078	-6.9078	0.00000	0.00000	0	0
probes_p5/probe_lay_a3_s0	1	0	-6.9078	-6.9078	0.00000	0.00000	0	0
probes_p5/probe_lay_a3_s1	1	0	-6.9078	-6.9078	0.00000	0.00000	0	0
probes_p5/probe_node_a3_s0	1	0	-6.9078	-6.9078	0.00000	0.00000	0	0
probes_p5/probe_node_a3_s1	1	0	-6.9078	-6.9078	0.00000	0.00000	0	0
probes_p5/probe_w_a3_s0	1	0	-6.9078	-6.9078	0.00000	0.00000	0	0
probes_p5/probe_w_a3_s1	1	0	-6.9078	-6.9078	0.00000	0.00000	0	0
probes_pp1/probe_ch_pp1_s0	10000	14421	-11.8999	-3.9640	0.00000	0.00000	0	0
probes_pp1/probe_ch_pp1_s1	10000	14421	-11.8889	-4.1017	0.00000	0.00000	0	0
probes_pp1/probe_ch_pp1_s2	10000	14421	-11.8931	-4.0575	0.00000	0.00000	0	0
probes_pp1/probe_node_pp1_s0	10000	14420	-11.9125	-3.5387	0.00000	0.00000	0	0
probes_pp1/probe_node_pp1_s1	10000	14420	-11.9013	-3.3605	0.00000	0.00000	0	0
probes_pp1/probe_node_pp1_s2	10000	14420	-11.8951	-3.4433	0.00000	0.00000	0	0
probes_pp1/probe_perm_pp1_s0	10000	14420	-11.9121	-3.3279	0.00000	0.00000	0	0
probes_pp1/probe_perm_pp1_s1	10000	14420	-11.9029	-3.4165	0.00000	0.00000	0	0
probes_pp1/probe_perm_pp1_s2	10000	14420	-11.8951	-3.4553	0.00000	0.00000	0	0
probes_sp8/probe_lay_m5p4e40_s0	4000	62	-16.8283	-4.3127	0.00000	0.00000	0	0
probes_sp8/probe_lay_m5p4e40_s1	4000	62	-16.7754	-4.1131	0.00000	0.00000	0	0
probes_sp8/probe_lay_m5p4e40_s2	4000	62	-16.7944	-4.2162	0.00000	0.00000	0	0
probes_sp8/probe_node_m5p4e40_s0	4000	14420	-16.8263	-3.2816	0.00000	0.00000	0	0
probes_sp8/probe_node_m5p4e40_s1	4000	14420	-16.6504	-3.2081	0.00000	0.00000	0	0
probes_sp8/probe_node_m5p4e40_s2	4000	14420	-16.5715	-3.2596	0.00000	0.00000	0	0
probes_sp8/probe_w_m5p4e40_s0	4000	11173962	-16.6844	-2.9277	0.00000	0.00000	0	0
probes_sp8/probe_w_m5p4e40_s1	4000	11173962	-16.2976	-2.9512	0.00000	0.00000	0	0
probes_sp8/probe_w_m5p4e40_s2	4000	11173962	-16.3836	-2.9497	0.00000	0.00000	0	0
probes_tw0/probe_lay_tw0_s0	10000	62	-11.8997	-3.8349	0.00000	0.00000	0	0
probes_tw0/probe_lay_tw0_s1	10000	62	-11.8887	-4.0079	0.00000	0.00000	0	0
probes_tw0/probe_lay_tw0_s2	10000	62	-11.8929	-3.8174	0.00000	0.00000	0	0
probes_tw0/probe_node_tw0_s0	10000	14420	-11.9121	-3.4726	0.00000	0.00000	0	0
probes_tw0/probe_node_tw0_s1	10000	14420	-11.9039	-3.4588	0.00000	0.00000	0	0
probes_tw0/probe_node_tw0_s2	10000	14420	-11.8949	-3.3731	0.00000	0.00000	0	0
probes_tw0/probe_w_tw0_s0	10000	11173962	-11.9111	-3.3017	0.00000	0.00000	0	0
probes_tw0/probe_w_tw0_s1	10000	11173962	-11.8935	-3.3532	0.00000	0.00000	0	0
probes_tw0/probe_w_tw0_s2	10000	11173962	-11.8863	-3.2658	0.00000	0.00000	0	0
probes_uc5/probe_r10_lay_s0	2000	38	-16.6925	-2.8011	0.00000	0.00000	0	0
probes_uc5/probe_r10_lay_s1	2000	38	-16.7225	-2.9040	0.00000	0.00000	0	0
probes_uc5/probe_r10_node_s0	2000	8660	-16.8764	-2.3251	0.00000	0.00000	0	0
probes_uc5/probe_r10_node_s1	2000	8660	-16.9044	-2.2741	0.00000	0.00000	0	0
probes_uc5/probe_r10_w_s0	2000	4903242	-16.8065	-0.9861	0.00000	0.00000	0	0
probes_uc5/probe_r10_w_s1	2000	4903242	-16.8844	-0.9641	0.00000	0.00000	0	0
probes_uc5/probe_r34_lay_s0	2000	110	-16.2648	-3.8770	0.00000	0.00000	0	0
probes_uc5/probe_r34_lay_s1	2000	110	-16.2188	-4.0140	0.00000	0.00000	0	0
probes_uc5/probe_r34_node_s0	2000	25556	-14.7264	-3.5790	0.00000	0.00000	0	0
probes_uc5/probe_r34_node_s1	2000	25556	-14.4343	-3.1650	0.00000	0.00000	0	0
probes_uc5/probe_r34_w_s0	2000	21282122	-14.7624	-2.2921	0.00000	0.00000	0	0
probes_uc5/probe_r34_w_s1	2000	21282122	-14.7304	-2.4971	0.00000	0.00000	0	0
probes_uc6/probe_c100_lay_s0	2000	62	-16.5386	-0.5161	0.00000	0.00000	0	0
probes_uc6/probe_c100_lay_s1	2000	62	-16.3187	-0.7471	0.00000	0.00000	0	0
probes_uc6/probe_c100_node_s0	2000	14600	-16.8904	-1.5091	0.00000	0.00000	0	0
probes_uc6/probe_c100_node_s1	2000	14600	-16.8904	-1.4711	0.00000	0.00000	0	0
probes_uc6/probe_c100_w_s0	2000	11220132	-16.8564	-1.5031	0.00000	0.00000	0	0
probes_uc6/probe_c100_w_s1	2000	11220132	-16.8744	-1.6281	0.00000	0.00000	0	0
probes_wc5/probe_lay_m2_s0	1	0	-30.0000	-2.8777	0.00000	0.00000	0	0
probes_wc5/probe_lay_m2_s1	1	0	-30.0000	-3.1977	0.00000	0.00000	0	0
probes_wc5/probe_lay_m2_s2	1	0	-30.0000	-2.8477	0.00000	0.00000	0	0
probes_wc5/probe_lay_m3_s0	1	0	-16.7525	-3.9670	0.00000	0.00000	0	0
probes_wc5/probe_lay_m3_s1	1	0	-16.6286	-3.7160	0.00000	0.00000	0	0
probes_wc5/probe_lay_m3_s2	1	0	-16.6526	-4.0260	0.00000	0.00000	0	0
probes_wc5/probe_node_m2_s0	1	0	-30.0000	-2.3026	0.00000	0.00000	0	0
probes_wc5/probe_node_m2_s1	1	0	-30.0000	-2.3026	0.00000	0.00000	0	0
probes_wc5/probe_node_m2_s2	1	0	-30.0000	-2.3026	0.00000	0.00000	0	0
probes_wc5/probe_node_m3_s0	1	0	-16.6945	-3.0110	0.00000	0.00000	0	0
probes_wc5/probe_node_m3_s1	1	0	-16.3367	-3.1430	0.00000	0.00000	0	0
probes_wc5/probe_node_m3_s2	1	0	-16.1768	-3.0920	0.00000	0.00000	0	0
probes_wc5/probe_w_m2_s0	1	0	-30.0000	-2.3026	0.00000	0.00000	0	0
probes_wc5/probe_w_m2_s1	1	0	-30.0000	-2.3026	0.00000	0.00000	0	0
probes_wc5/probe_w_m2_s2	1	0	-30.0000	-2.3026	0.00000	0.00000	0	0
probes_wc5/probe_w_m3_s0	1	0	-16.0269	-2.3026	0.00000	0.00000	0	0
probes_wc5/probe_w_m3_s1	1	0	-15.4127	-2.3026	0.00000	0.00000	0	0
probes_wc5/probe_w_m3_s2	1	0	-15.7928	-2.3026	0.00000	0.00000	0	0
probes_z3/z3-l-r0	1	0	-8.4369	-5.2069	0.00000	0.00000	0	0
probes_z3/z3-l-r1	1	0	-15.0000	-3.8360	0.00000	0.00000	0	0
probes_z3/z3-ref-layer	1	0	-15.0000	-3.9240	0.00000	0.00000	0	0
probes_z3/z3-ref-scalar	1	0	-8.4489	-5.2069	0.00000	0.00000	0	0
probes_z3/z3-ref-weight	1	0	-15.0000	-2.3026	0.00000	0.00000	0	0
probes_z3/z3-w-r0	1	0	-8.4909	-5.2029	0.00000	0.00000	0	0
probes_z3/z3-w-r1	1	0	-15.0000	-2.3026	0.00000	0.00000	0	0
